dataset,seed,corruption,severity,alpha,method,n_train,n_calib,n_aug_calib,n_test,n_classes,coverage,avg_set_size,singleton_rate,singleton_accuracy,empty_rate,top1_accuracy,ece
ECG200,0,gap,0.05,0.05,clean_split_cp,65,35,350,100,2,1.0,1.85,0.15,1.0,0.0,0.88,0.09393804700705594
ECG200,0,gap,0.05,0.05,aug_split_cp,65,35,350,100,2,0.96,1.45,0.55,0.9272727272727272,0.0,0.88,0.09393804700705594
ECG200,0,gap,0.05,0.05,label_smooth_aug_cp,65,35,350,100,2,0.96,1.45,0.55,0.9272727272727272,0.0,0.88,0.09393804700705594
ECG200,0,gap,0.05,0.05,confidence_weighted_cp,65,35,350,100,2,0.99,1.7,0.3,0.9666666666666667,0.0,0.88,0.09393804700705594
ECG200,0,gap,0.05,0.05,fast_cp,65,35,350,100,2,0.98,1.51,0.49,0.9591836734693877,0.0,0.88,0.09393804700705594
ECG200,0,gap,0.05,0.05,fast_cp_mixed,65,35,350,100,2,0.98,1.5,0.5,0.96,0.0,0.88,0.09393804700705594
ECG200,0,gap,0.1,0.05,clean_split_cp,65,35,350,100,2,1.0,1.87,0.13,1.0,0.0,0.82,0.1109891322045499
ECG200,0,gap,0.1,0.05,aug_split_cp,65,35,350,100,2,0.98,1.46,0.54,0.9629629629629629,0.0,0.82,0.1109891322045499
ECG200,0,gap,0.1,0.05,label_smooth_aug_cp,65,35,350,100,2,0.98,1.46,0.54,0.9629629629629629,0.0,0.82,0.1109891322045499
ECG200,0,gap,0.1,0.05,confidence_weighted_cp,65,35,350,100,2,0.99,1.73,0.27,0.9629629629629629,0.0,0.82,0.1109891322045499
ECG200,0,gap,0.1,0.05,fast_cp,65,35,350,100,2,0.98,1.51,0.49,0.9591836734693877,0.0,0.82,0.1109891322045499
ECG200,0,gap,0.1,0.05,fast_cp_mixed,65,35,350,100,2,0.98,1.46,0.54,0.9629629629629629,0.0,0.82,0.1109891322045499
ECG200,0,gap,0.2,0.05,clean_split_cp,65,35,350,100,2,0.99,1.86,0.14,0.9285714285714286,0.0,0.8,0.1358568429436866
ECG200,0,gap,0.2,0.05,aug_split_cp,65,35,350,100,2,0.98,1.49,0.51,0.9607843137254902,0.0,0.8,0.1358568429436866
ECG200,0,gap,0.2,0.05,label_smooth_aug_cp,65,35,350,100,2,0.98,1.49,0.51,0.9607843137254902,0.0,0.8,0.1358568429436866
ECG200,0,gap,0.2,0.05,confidence_weighted_cp,65,35,350,100,2,0.98,1.74,0.26,0.9230769230769231,0.0,0.8,0.1358568429436866
ECG200,0,gap,0.2,0.05,fast_cp,65,35,350,100,2,0.98,1.5,0.5,0.96,0.0,0.8,0.1358568429436866
ECG200,0,gap,0.2,0.05,fast_cp_mixed,65,35,350,100,2,0.98,1.51,0.49,0.9591836734693877,0.0,0.8,0.1358568429436866
ECG200,0,noise,0.05,0.05,clean_split_cp,65,35,350,100,2,1.0,1.86,0.14,1.0,0.0,0.86,0.09367895071466872
ECG200,0,noise,0.05,0.05,aug_split_cp,65,35,350,100,2,0.96,1.47,0.53,0.9245283018867925,0.0,0.86,0.09367895071466872
ECG200,0,noise,0.05,0.05,label_smooth_aug_cp,65,35,350,100,2,0.96,1.47,0.53,0.9245283018867925,0.0,0.86,0.09367895071466872
ECG200,0,noise,0.05,0.05,confidence_weighted_cp,65,35,350,100,2,0.99,1.67,0.33,0.9696969696969697,0.0,0.86,0.09367895071466872
ECG200,0,noise,0.05,0.05,fast_cp,65,35,350,100,2,0.96,1.49,0.51,0.9215686274509803,0.0,0.86,0.09367895071466872
ECG200,0,noise,0.05,0.05,fast_cp_mixed,65,35,350,100,2,0.96,1.48,0.52,0.9230769230769231,0.0,0.86,0.09367895071466872
ECG200,0,noise,0.1,0.05,clean_split_cp,65,35,350,100,2,1.0,1.8,0.2,1.0,0.0,0.82,0.13782659974132982
ECG200,0,noise,0.1,0.05,aug_split_cp,65,35,350,100,2,0.97,1.47,0.53,0.9433962264150944,0.0,0.82,0.13782659974132982
ECG200,0,noise,0.1,0.05,label_smooth_aug_cp,65,35,350,100,2,0.97,1.47,0.53,0.9433962264150944,0.0,0.82,0.13782659974132982
ECG200,0,noise,0.1,0.05,confidence_weighted_cp,65,35,350,100,2,0.99,1.65,0.35,0.9714285714285714,0.0,0.82,0.13782659974132982
ECG200,0,noise,0.1,0.05,fast_cp,65,35,350,100,2,0.96,1.48,0.52,0.9230769230769231,0.0,0.82,0.13782659974132982
ECG200,0,noise,0.1,0.05,fast_cp_mixed,65,35,350,100,2,0.96,1.47,0.53,0.9245283018867925,0.0,0.82,0.13782659974132982
ECG200,0,noise,0.2,0.05,clean_split_cp,65,35,350,100,2,0.99,1.7,0.3,0.9666666666666667,0.0,0.74,0.19932869379219315
ECG200,0,noise,0.2,0.05,aug_split_cp,65,35,350,100,2,0.95,1.4,0.6,0.9166666666666666,0.0,0.74,0.19932869379219315
ECG200,0,noise,0.2,0.05,label_smooth_aug_cp,65,35,350,100,2,0.95,1.4,0.6,0.9166666666666666,0.0,0.74,0.19932869379219315
ECG200,0,noise,0.2,0.05,confidence_weighted_cp,65,35,350,100,2,0.98,1.57,0.43,0.9534883720930233,0.0,0.74,0.19932869379219315
ECG200,0,noise,0.2,0.05,fast_cp,65,35,350,100,2,0.95,1.41,0.59,0.9152542372881356,0.0,0.74,0.19932869379219315
ECG200,0,noise,0.2,0.05,fast_cp_mixed,65,35,350,100,2,0.96,1.4,0.6,0.9333333333333333,0.0,0.74,0.19932869379219315
ECG200,0,drift,0.1,0.05,clean_split_cp,65,35,350,100,2,1.0,1.86,0.14,1.0,0.0,0.86,0.11089351047018871
ECG200,0,drift,0.1,0.05,aug_split_cp,65,35,350,100,2,0.97,1.47,0.53,0.9433962264150944,0.0,0.86,0.11089351047018871
ECG200,0,drift,0.1,0.05,label_smooth_aug_cp,65,35,350,100,2,0.97,1.47,0.53,0.9433962264150944,0.0,0.86,0.11089351047018871
ECG200,0,drift,0.1,0.05,confidence_weighted_cp,65,35,350,100,2,0.98,1.67,0.33,0.9393939393939394,0.0,0.86,0.11089351047018871
ECG200,0,drift,0.1,0.05,fast_cp,65,35,350,100,2,0.96,1.48,0.52,0.9230769230769231,0.0,0.86,0.11089351047018871
ECG200,0,drift,0.1,0.05,fast_cp_mixed,65,35,350,100,2,0.96,1.47,0.53,0.9245283018867925,0.0,0.86,0.11089351047018871
ECG200,0,drift,0.2,0.05,clean_split_cp,65,35,350,100,2,1.0,1.87,0.13,1.0,0.0,0.83,0.12657459177143585
ECG200,0,drift,0.2,0.05,aug_split_cp,65,35,350,100,2,0.99,1.48,0.52,0.9807692307692307,0.0,0.83,0.12657459177143585
ECG200,0,drift,0.2,0.05,label_smooth_aug_cp,65,35,350,100,2,0.99,1.48,0.52,0.9807692307692307,0.0,0.83,0.12657459177143585
ECG200,0,drift,0.2,0.05,confidence_weighted_cp,65,35,350,100,2,1.0,1.72,0.28,1.0,0.0,0.83,0.12657459177143585
ECG200,0,drift,0.2,0.05,fast_cp,65,35,350,100,2,0.98,1.48,0.52,0.9615384615384616,0.0,0.83,0.12657459177143585
ECG200,0,drift,0.2,0.05,fast_cp_mixed,65,35,350,100,2,0.98,1.48,0.52,0.9615384615384616,0.0,0.83,0.12657459177143585
ECG200,0,drift,0.4,0.05,clean_split_cp,65,35,350,100,2,0.99,1.86,0.14,0.9285714285714286,0.0,0.81,0.16278955646549978
ECG200,0,drift,0.4,0.05,aug_split_cp,65,35,350,100,2,0.96,1.46,0.54,0.9259259259259259,0.0,0.81,0.16278955646549978
ECG200,0,drift,0.4,0.05,label_smooth_aug_cp,65,35,350,100,2,0.96,1.46,0.54,0.9259259259259259,0.0,0.81,0.16278955646549978
ECG200,0,drift,0.4,0.05,confidence_weighted_cp,65,35,350,100,2,0.98,1.67,0.33,0.9393939393939394,0.0,0.81,0.16278955646549978
ECG200,0,drift,0.4,0.05,fast_cp,65,35,350,100,2,0.97,1.5,0.5,0.94,0.0,0.81,0.16278955646549978
ECG200,0,drift,0.4,0.05,fast_cp_mixed,65,35,350,100,2,0.97,1.48,0.52,0.9423076923076923,0.0,0.81,0.16278955646549978
ECG200,1,gap,0.05,0.05,clean_split_cp,65,35,350,100,2,0.94,1.17,0.83,0.927710843373494,0.0,0.89,0.08581648883923304
ECG200,1,gap,0.05,0.05,aug_split_cp,65,35,350,100,2,0.95,1.2,0.8,0.9375,0.0,0.89,0.08581648883923304
ECG200,1,gap,0.05,0.05,label_smooth_aug_cp,65,35,350,100,2,0.95,1.2,0.8,0.9375,0.0,0.89,0.08581648883923304
ECG200,1,gap,0.05,0.05,confidence_weighted_cp,65,35,350,100,2,0.95,1.21,0.79,0.9367088607594937,0.0,0.89,0.08581648883923304
ECG200,1,gap,0.05,0.05,fast_cp,65,35,350,100,2,0.94,1.18,0.82,0.926829268292683,0.0,0.89,0.08581648883923304
ECG200,1,gap,0.05,0.05,fast_cp_mixed,65,35,350,100,2,0.95,1.2,0.8,0.9375,0.0,0.89,0.08581648883923304
ECG200,1,gap,0.1,0.05,clean_split_cp,65,35,350,100,2,0.94,1.24,0.76,0.9210526315789473,0.0,0.84,0.125176986238945
ECG200,1,gap,0.1,0.05,aug_split_cp,65,35,350,100,2,0.94,1.24,0.76,0.9210526315789473,0.0,0.84,0.125176986238945
ECG200,1,gap,0.1,0.05,label_smooth_aug_cp,65,35,350,100,2,0.94,1.24,0.76,0.9210526315789473,0.0,0.84,0.125176986238945
ECG200,1,gap,0.1,0.05,confidence_weighted_cp,65,35,350,100,2,0.96,1.31,0.69,0.9420289855072463,0.0,0.84,0.125176986238945
ECG200,1,gap,0.1,0.05,fast_cp,65,35,350,100,2,0.93,1.22,0.76,0.9210526315789473,0.01,0.84,0.125176986238945
ECG200,1,gap,0.1,0.05,fast_cp_mixed,65,35,350,100,2,0.93,1.23,0.77,0.9090909090909091,0.0,0.84,0.125176986238945
ECG200,1,gap,0.2,0.05,clean_split_cp,65,35,350,100,2,0.91,1.28,0.72,0.875,0.0,0.78,0.173776947494529
ECG200,1,gap,0.2,0.05,aug_split_cp,65,35,350,100,2,0.91,1.28,0.72,0.875,0.0,0.78,0.173776947494529
ECG200,1,gap,0.2,0.05,label_smooth_aug_cp,65,35,350,100,2,0.91,1.28,0.72,0.875,0.0,0.78,0.173776947494529
ECG200,1,gap,0.2,0.05,confidence_weighted_cp,65,35,350,100,2,0.92,1.31,0.69,0.8840579710144928,0.0,0.78,0.173776947494529
ECG200,1,gap,0.2,0.05,fast_cp,65,35,350,100,2,0.91,1.27,0.73,0.8767123287671232,0.0,0.78,0.173776947494529
ECG200,1,gap,0.2,0.05,fast_cp_mixed,65,35,350,100,2,0.91,1.28,0.72,0.875,0.0,0.78,0.173776947494529
ECG200,1,noise,0.05,0.05,clean_split_cp,65,35,350,100,2,0.97,1.18,0.82,0.9634146341463414,0.0,0.88,0.07955508723830644
ECG200,1,noise,0.05,0.05,aug_split_cp,65,35,350,100,2,0.97,1.19,0.81,0.9629629629629629,0.0,0.88,0.07955508723830644
ECG200,1,noise,0.05,0.05,label_smooth_aug_cp,65,35,350,100,2,0.97,1.19,0.81,0.9629629629629629,0.0,0.88,0.07955508723830644
ECG200,1,noise,0.05,0.05,confidence_weighted_cp,65,35,350,100,2,0.98,1.23,0.77,0.974025974025974,0.0,0.88,0.07955508723830644
ECG200,1,noise,0.05,0.05,fast_cp,65,35,350,100,2,0.97,1.18,0.82,0.9634146341463414,0.0,0.88,0.07955508723830644
ECG200,1,noise,0.05,0.05,fast_cp_mixed,65,35,350,100,2,0.97,1.18,0.82,0.9634146341463414,0.0,0.88,0.07955508723830644
ECG200,1,noise,0.1,0.05,clean_split_cp,65,35,350,100,2,0.97,1.19,0.81,0.9629629629629629,0.0,0.86,0.09494249960732304
ECG200,1,noise,0.1,0.05,aug_split_cp,65,35,350,100,2,0.97,1.2,0.8,0.9625,0.0,0.86,0.09494249960732304
ECG200,1,noise,0.1,0.05,label_smooth_aug_cp,65,35,350,100,2,0.97,1.2,0.8,0.9625,0.0,0.86,0.09494249960732304
ECG200,1,noise,0.1,0.05,confidence_weighted_cp,65,35,350,100,2,0.97,1.26,0.74,0.9594594594594594,0.0,0.86,0.09494249960732304
ECG200,1,noise,0.1,0.05,fast_cp,65,35,350,100,2,0.97,1.19,0.81,0.9629629629629629,0.0,0.86,0.09494249960732304
ECG200,1,noise,0.1,0.05,fast_cp_mixed,65,35,350,100,2,0.97,1.19,0.81,0.9629629629629629,0.0,0.86,0.09494249960732304
ECG200,1,noise,0.2,0.05,clean_split_cp,65,35,350,100,2,0.95,1.19,0.81,0.9382716049382716,0.0,0.85,0.11041941057630639
ECG200,1,noise,0.2,0.05,aug_split_cp,65,35,350,100,2,0.95,1.21,0.79,0.9367088607594937,0.0,0.85,0.11041941057630639
ECG200,1,noise,0.2,0.05,label_smooth_aug_cp,65,35,350,100,2,0.95,1.21,0.79,0.9367088607594937,0.0,0.85,0.11041941057630639
ECG200,1,noise,0.2,0.05,confidence_weighted_cp,65,35,350,100,2,0.96,1.24,0.76,0.9473684210526315,0.0,0.85,0.11041941057630639
ECG200,1,noise,0.2,0.05,fast_cp,65,35,350,100,2,0.94,1.18,0.82,0.926829268292683,0.0,0.85,0.11041941057630639
ECG200,1,noise,0.2,0.05,fast_cp_mixed,65,35,350,100,2,0.94,1.18,0.82,0.926829268292683,0.0,0.85,0.11041941057630639
ECG200,1,drift,0.1,0.05,clean_split_cp,65,35,350,100,2,0.94,1.16,0.84,0.9285714285714286,0.0,0.88,0.10400940273018328
ECG200,1,drift,0.1,0.05,aug_split_cp,65,35,350,100,2,0.94,1.18,0.82,0.926829268292683,0.0,0.88,0.10400940273018328
ECG200,1,drift,0.1,0.05,label_smooth_aug_cp,65,35,350,100,2,0.94,1.18,0.82,0.926829268292683,0.0,0.88,0.10400940273018328
ECG200,1,drift,0.1,0.05,confidence_weighted_cp,65,35,350,100,2,0.96,1.22,0.78,0.9487179487179487,0.0,0.88,0.10400940273018328
ECG200,1,drift,0.1,0.05,fast_cp,65,35,350,100,2,0.93,1.16,0.84,0.9166666666666666,0.0,0.88,0.10400940273018328
ECG200,1,drift,0.1,0.05,fast_cp_mixed,65,35,350,100,2,0.93,1.17,0.83,0.9156626506024096,0.0,0.88,0.10400940273018328
ECG200,1,drift,0.2,0.05,clean_split_cp,65,35,350,100,2,0.94,1.18,0.82,0.926829268292683,0.0,0.84,0.11249455196737759
ECG200,1,drift,0.2,0.05,aug_split_cp,65,35,350,100,2,0.94,1.18,0.82,0.926829268292683,0.0,0.84,0.11249455196737759
ECG200,1,drift,0.2,0.05,label_smooth_aug_cp,65,35,350,100,2,0.94,1.18,0.82,0.926829268292683,0.0,0.84,0.11249455196737759
ECG200,1,drift,0.2,0.05,confidence_weighted_cp,65,35,350,100,2,0.96,1.25,0.75,0.9466666666666667,0.0,0.84,0.11249455196737759
ECG200,1,drift,0.2,0.05,fast_cp,65,35,350,100,2,0.94,1.17,0.83,0.927710843373494,0.0,0.84,0.11249455196737759
ECG200,1,drift,0.2,0.05,fast_cp_mixed,65,35,350,100,2,0.94,1.17,0.83,0.927710843373494,0.0,0.84,0.11249455196737759
ECG200,1,drift,0.4,0.05,clean_split_cp,65,35,350,100,2,0.93,1.16,0.84,0.9166666666666666,0.0,0.86,0.10592239733606965
ECG200,1,drift,0.4,0.05,aug_split_cp,65,35,350,100,2,0.94,1.17,0.83,0.927710843373494,0.0,0.86,0.10592239733606965
ECG200,1,drift,0.4,0.05,label_smooth_aug_cp,65,35,350,100,2,0.94,1.17,0.83,0.927710843373494,0.0,0.86,0.10592239733606965
ECG200,1,drift,0.4,0.05,confidence_weighted_cp,65,35,350,100,2,0.95,1.27,0.73,0.9315068493150684,0.0,0.86,0.10592239733606965
ECG200,1,drift,0.4,0.05,fast_cp,65,35,350,100,2,0.92,1.15,0.85,0.9058823529411765,0.0,0.86,0.10592239733606965
ECG200,1,drift,0.4,0.05,fast_cp_mixed,65,35,350,100,2,0.92,1.15,0.85,0.9058823529411765,0.0,0.86,0.10592239733606965
ECG200,2,gap,0.05,0.05,clean_split_cp,65,35,350,100,2,0.99,1.68,0.32,0.96875,0.0,0.85,0.10362995995940305
ECG200,2,gap,0.05,0.05,aug_split_cp,65,35,350,100,2,0.94,1.17,0.83,0.927710843373494,0.0,0.85,0.10362995995940305
ECG200,2,gap,0.05,0.05,label_smooth_aug_cp,65,35,350,100,2,0.94,1.17,0.83,0.927710843373494,0.0,0.85,0.10362995995940305
ECG200,2,gap,0.05,0.05,confidence_weighted_cp,65,35,350,100,2,0.96,1.24,0.76,0.9473684210526315,0.0,0.85,0.10362995995940305
ECG200,2,gap,0.05,0.05,fast_cp,65,35,350,100,2,0.95,1.19,0.81,0.9382716049382716,0.0,0.85,0.10362995995940305
ECG200,2,gap,0.05,0.05,fast_cp_mixed,65,35,350,100,2,0.95,1.2,0.8,0.9375,0.0,0.85,0.10362995995940305
ECG200,2,gap,0.1,0.05,clean_split_cp,65,35,350,100,2,1.0,1.7,0.3,1.0,0.0,0.84,0.09292878045812067
ECG200,2,gap,0.1,0.05,aug_split_cp,65,35,350,100,2,0.91,1.17,0.83,0.891566265060241,0.0,0.84,0.09292878045812067
ECG200,2,gap,0.1,0.05,label_smooth_aug_cp,65,35,350,100,2,0.91,1.17,0.83,0.891566265060241,0.0,0.84,0.09292878045812067
ECG200,2,gap,0.1,0.05,confidence_weighted_cp,65,35,350,100,2,0.92,1.21,0.79,0.8987341772151899,0.0,0.84,0.09292878045812067
ECG200,2,gap,0.1,0.05,fast_cp,65,35,350,100,2,0.9,1.15,0.85,0.8823529411764706,0.0,0.84,0.09292878045812067
ECG200,2,gap,0.1,0.05,fast_cp_mixed,65,35,350,100,2,0.9,1.15,0.85,0.8823529411764706,0.0,0.84,0.09292878045812067
ECG200,2,gap,0.2,0.05,clean_split_cp,65,35,350,100,2,0.98,1.71,0.29,0.9310344827586207,0.0,0.79,0.1512978523092086
ECG200,2,gap,0.2,0.05,aug_split_cp,65,35,350,100,2,0.87,1.19,0.81,0.8395061728395061,0.0,0.79,0.1512978523092086
ECG200,2,gap,0.2,0.05,label_smooth_aug_cp,65,35,350,100,2,0.87,1.19,0.81,0.8395061728395061,0.0,0.79,0.1512978523092086
ECG200,2,gap,0.2,0.05,confidence_weighted_cp,65,35,350,100,2,0.88,1.3,0.7,0.8285714285714286,0.0,0.79,0.1512978523092086
ECG200,2,gap,0.2,0.05,fast_cp,65,35,350,100,2,0.86,1.2,0.8,0.825,0.0,0.79,0.1512978523092086
ECG200,2,gap,0.2,0.05,fast_cp_mixed,65,35,350,100,2,0.86,1.19,0.81,0.8271604938271605,0.0,0.79,0.1512978523092086
ECG200,2,noise,0.05,0.05,clean_split_cp,65,35,350,100,2,0.99,1.61,0.39,0.9743589743589743,0.0,0.84,0.08990266835511121
ECG200,2,noise,0.05,0.05,aug_split_cp,65,35,350,100,2,0.92,1.15,0.85,0.9058823529411765,0.0,0.84,0.08990266835511121
ECG200,2,noise,0.05,0.05,label_smooth_aug_cp,65,35,350,100,2,0.92,1.15,0.85,0.9058823529411765,0.0,0.84,0.08990266835511121
ECG200,2,noise,0.05,0.05,confidence_weighted_cp,65,35,350,100,2,0.93,1.17,0.83,0.9156626506024096,0.0,0.84,0.08990266835511121
ECG200,2,noise,0.05,0.05,fast_cp,65,35,350,100,2,0.92,1.16,0.84,0.9047619047619048,0.0,0.84,0.08990266835511121
ECG200,2,noise,0.05,0.05,fast_cp_mixed,65,35,350,100,2,0.92,1.16,0.84,0.9047619047619048,0.0,0.84,0.08990266835511121
ECG200,2,noise,0.1,0.05,clean_split_cp,65,35,350,100,2,0.99,1.58,0.42,0.9761904761904762,0.0,0.85,0.0940195274200368
ECG200,2,noise,0.1,0.05,aug_split_cp,65,35,350,100,2,0.91,1.13,0.87,0.896551724137931,0.0,0.85,0.0940195274200368
ECG200,2,noise,0.1,0.05,label_smooth_aug_cp,65,35,350,100,2,0.91,1.13,0.87,0.896551724137931,0.0,0.85,0.0940195274200368
ECG200,2,noise,0.1,0.05,confidence_weighted_cp,65,35,350,100,2,0.93,1.18,0.82,0.9146341463414634,0.0,0.85,0.0940195274200368
ECG200,2,noise,0.1,0.05,fast_cp,65,35,350,100,2,0.92,1.14,0.86,0.9069767441860465,0.0,0.85,0.0940195274200368
ECG200,2,noise,0.1,0.05,fast_cp_mixed,65,35,350,100,2,0.91,1.13,0.87,0.896551724137931,0.0,0.85,0.0940195274200368
ECG200,2,noise,0.2,0.05,clean_split_cp,65,35,350,100,2,0.99,1.61,0.39,0.9743589743589743,0.0,0.84,0.14122530381969595
ECG200,2,noise,0.2,0.05,aug_split_cp,65,35,350,100,2,0.91,1.2,0.8,0.8875,0.0,0.84,0.14122530381969595
ECG200,2,noise,0.2,0.05,label_smooth_aug_cp,65,35,350,100,2,0.91,1.2,0.8,0.8875,0.0,0.84,0.14122530381969595
ECG200,2,noise,0.2,0.05,confidence_weighted_cp,65,35,350,100,2,0.93,1.25,0.75,0.9066666666666666,0.0,0.84,0.14122530381969595
ECG200,2,noise,0.2,0.05,fast_cp,65,35,350,100,2,0.89,1.16,0.84,0.8690476190476191,0.0,0.84,0.14122530381969595
ECG200,2,noise,0.2,0.05,fast_cp_mixed,65,35,350,100,2,0.9,1.18,0.82,0.8780487804878049,0.0,0.84,0.14122530381969595
ECG200,2,drift,0.1,0.05,clean_split_cp,65,35,350,100,2,0.98,1.59,0.41,0.9512195121951219,0.0,0.84,0.09245755217358786
ECG200,2,drift,0.1,0.05,aug_split_cp,65,35,350,100,2,0.93,1.17,0.83,0.9156626506024096,0.0,0.84,0.09245755217358786
ECG200,2,drift,0.1,0.05,label_smooth_aug_cp,65,35,350,100,2,0.93,1.17,0.83,0.9156626506024096,0.0,0.84,0.09245755217358786
ECG200,2,drift,0.1,0.05,confidence_weighted_cp,65,35,350,100,2,0.97,1.23,0.77,0.961038961038961,0.0,0.84,0.09245755217358786
ECG200,2,drift,0.1,0.05,fast_cp,65,35,350,100,2,0.95,1.19,0.81,0.9382716049382716,0.0,0.84,0.09245755217358786
ECG200,2,drift,0.1,0.05,fast_cp_mixed,65,35,350,100,2,0.94,1.18,0.82,0.926829268292683,0.0,0.84,0.09245755217358786
ECG200,2,drift,0.2,0.05,clean_split_cp,65,35,350,100,2,0.98,1.58,0.42,0.9523809523809523,0.0,0.83,0.10932960583818047
ECG200,2,drift,0.2,0.05,aug_split_cp,65,35,350,100,2,0.91,1.1,0.9,0.9,0.0,0.83,0.10932960583818047
ECG200,2,drift,0.2,0.05,label_smooth_aug_cp,65,35,350,100,2,0.91,1.1,0.9,0.9,0.0,0.83,0.10932960583818047
ECG200,2,drift,0.2,0.05,confidence_weighted_cp,65,35,350,100,2,0.95,1.19,0.81,0.9382716049382716,0.0,0.83,0.10932960583818047
ECG200,2,drift,0.2,0.05,fast_cp,65,35,350,100,2,0.92,1.13,0.87,0.9080459770114943,0.0,0.83,0.10932960583818047
ECG200,2,drift,0.2,0.05,fast_cp_mixed,65,35,350,100,2,0.92,1.12,0.88,0.9090909090909091,0.0,0.83,0.10932960583818047
ECG200,2,drift,0.4,0.05,clean_split_cp,65,35,350,100,2,1.0,1.66,0.34,1.0,0.0,0.83,0.10516874441589066
ECG200,2,drift,0.4,0.05,aug_split_cp,65,35,350,100,2,0.93,1.18,0.82,0.9146341463414634,0.0,0.83,0.10516874441589066
ECG200,2,drift,0.4,0.05,label_smooth_aug_cp,65,35,350,100,2,0.93,1.18,0.82,0.9146341463414634,0.0,0.83,0.10516874441589066
ECG200,2,drift,0.4,0.05,confidence_weighted_cp,65,35,350,100,2,0.94,1.23,0.77,0.922077922077922,0.0,0.83,0.10516874441589066
ECG200,2,drift,0.4,0.05,fast_cp,65,35,350,100,2,0.91,1.22,0.78,0.8846153846153846,0.0,0.83,0.10516874441589066
ECG200,2,drift,0.4,0.05,fast_cp_mixed,65,35,350,100,2,0.92,1.18,0.82,0.9024390243902439,0.0,0.83,0.10516874441589066
GunPoint,0,gap,0.05,0.05,clean_split_cp,32,18,180,150,2,0.9733333333333334,1.1733333333333333,0.8266666666666667,0.967741935483871,0.0,0.8933333333333333,0.03707156544838769
GunPoint,0,gap,0.05,0.05,aug_split_cp,32,18,180,150,2,0.9866666666666667,1.2333333333333334,0.7666666666666667,0.9826086956521739,0.0,0.8933333333333333,0.03707156544838769
GunPoint,0,gap,0.05,0.05,label_smooth_aug_cp,32,18,180,150,2,0.9866666666666667,1.2333333333333334,0.7666666666666667,0.9826086956521739,0.0,0.8933333333333333,0.03707156544838769
GunPoint,0,gap,0.05,0.05,confidence_weighted_cp,32,18,180,150,2,0.9866666666666667,1.2533333333333334,0.7466666666666667,0.9821428571428571,0.0,0.8933333333333333,0.03707156544838769
GunPoint,0,gap,0.05,0.05,fast_cp,32,18,180,150,2,0.98,1.2266666666666666,0.7733333333333333,0.9741379310344828,0.0,0.8933333333333333,0.03707156544838769
GunPoint,0,gap,0.05,0.05,fast_cp_mixed,32,18,180,150,2,0.98,1.2266666666666666,0.7733333333333333,0.9741379310344828,0.0,0.8933333333333333,0.03707156544838769
GunPoint,0,gap,0.1,0.05,clean_split_cp,32,18,180,150,2,0.9866666666666667,1.18,0.82,0.983739837398374,0.0,0.9133333333333333,0.06759145538589524
GunPoint,0,gap,0.1,0.05,aug_split_cp,32,18,180,150,2,0.9866666666666667,1.2133333333333334,0.7866666666666666,0.9830508474576272,0.0,0.9133333333333333,0.06759145538589524
GunPoint,0,gap,0.1,0.05,label_smooth_aug_cp,32,18,180,150,2,0.9866666666666667,1.2133333333333334,0.7866666666666666,0.9830508474576272,0.0,0.9133333333333333,0.06759145538589524
GunPoint,0,gap,0.1,0.05,confidence_weighted_cp,32,18,180,150,2,0.9933333333333333,1.2466666666666666,0.7533333333333333,0.9911504424778761,0.0,0.9133333333333333,0.06759145538589524
GunPoint,0,gap,0.1,0.05,fast_cp,32,18,180,150,2,0.9866666666666667,1.2133333333333334,0.7866666666666666,0.9830508474576272,0.0,0.9133333333333333,0.06759145538589524
GunPoint,0,gap,0.1,0.05,fast_cp_mixed,32,18,180,150,2,0.9866666666666667,1.2133333333333334,0.7866666666666666,0.9830508474576272,0.0,0.9133333333333333,0.06759145538589524
GunPoint,0,gap,0.2,0.05,clean_split_cp,32,18,180,150,2,0.9333333333333333,1.1933333333333334,0.8066666666666666,0.9173553719008265,0.0,0.8733333333333333,0.06132538567238967
GunPoint,0,gap,0.2,0.05,aug_split_cp,32,18,180,150,2,0.9333333333333333,1.24,0.76,0.9122807017543859,0.0,0.8733333333333333,0.06132538567238967
GunPoint,0,gap,0.2,0.05,label_smooth_aug_cp,32,18,180,150,2,0.9333333333333333,1.24,0.76,0.9122807017543859,0.0,0.8733333333333333,0.06132538567238967
GunPoint,0,gap,0.2,0.05,confidence_weighted_cp,32,18,180,150,2,0.9533333333333334,1.2733333333333334,0.7266666666666667,0.9357798165137615,0.0,0.8733333333333333,0.06132538567238967
GunPoint,0,gap,0.2,0.05,fast_cp,32,18,180,150,2,0.9333333333333333,1.2266666666666666,0.7733333333333333,0.9137931034482759,0.0,0.8733333333333333,0.06132538567238967
GunPoint,0,gap,0.2,0.05,fast_cp_mixed,32,18,180,150,2,0.9333333333333333,1.2266666666666666,0.7733333333333333,0.9137931034482759,0.0,0.8733333333333333,0.06132538567238967
GunPoint,0,noise,0.05,0.05,clean_split_cp,32,18,180,150,2,0.98,1.22,0.78,0.9743589743589743,0.0,0.9,0.03152660726608932
GunPoint,0,noise,0.05,0.05,aug_split_cp,32,18,180,150,2,0.9866666666666667,1.24,0.76,0.9824561403508771,0.0,0.9,0.03152660726608932
GunPoint,0,noise,0.05,0.05,label_smooth_aug_cp,32,18,180,150,2,0.9866666666666667,1.24,0.76,0.9824561403508771,0.0,0.9,0.03152660726608932
GunPoint,0,noise,0.05,0.05,confidence_weighted_cp,32,18,180,150,2,0.9866666666666667,1.2733333333333334,0.7266666666666667,0.981651376146789,0.0,0.9,0.03152660726608932
GunPoint,0,noise,0.05,0.05,fast_cp,32,18,180,150,2,0.9866666666666667,1.24,0.76,0.9824561403508771,0.0,0.9,0.03152660726608932
GunPoint,0,noise,0.05,0.05,fast_cp_mixed,32,18,180,150,2,0.9866666666666667,1.24,0.76,0.9824561403508771,0.0,0.9,0.03152660726608932
GunPoint,0,noise,0.1,0.05,clean_split_cp,32,18,180,150,2,0.9466666666666667,1.2266666666666666,0.7733333333333333,0.9310344827586207,0.0,0.8733333333333333,0.0638745014857415
GunPoint,0,noise,0.1,0.05,aug_split_cp,32,18,180,150,2,0.9733333333333334,1.3066666666666666,0.6933333333333334,0.9615384615384616,0.0,0.8733333333333333,0.0638745014857415
GunPoint,0,noise,0.1,0.05,label_smooth_aug_cp,32,18,180,150,2,0.9733333333333334,1.3066666666666666,0.6933333333333334,0.9615384615384616,0.0,0.8733333333333333,0.0638745014857415
GunPoint,0,noise,0.1,0.05,confidence_weighted_cp,32,18,180,150,2,0.9733333333333334,1.32,0.68,0.9607843137254902,0.0,0.8733333333333333,0.0638745014857415
GunPoint,0,noise,0.1,0.05,fast_cp,32,18,180,150,2,0.9666666666666667,1.2933333333333332,0.7066666666666667,0.9528301886792453,0.0,0.8733333333333333,0.0638745014857415
GunPoint,0,noise,0.1,0.05,fast_cp_mixed,32,18,180,150,2,0.9666666666666667,1.2933333333333332,0.7066666666666667,0.9528301886792453,0.0,0.8733333333333333,0.0638745014857415
GunPoint,0,noise,0.2,0.05,clean_split_cp,32,18,180,150,2,0.82,1.2666666666666666,0.7333333333333333,0.7545454545454545,0.0,0.6666666666666666,0.21381089980451673
GunPoint,0,noise,0.2,0.05,aug_split_cp,32,18,180,150,2,0.84,1.32,0.68,0.7647058823529411,0.0,0.6666666666666666,0.21381089980451673
GunPoint,0,noise,0.2,0.05,label_smooth_aug_cp,32,18,180,150,2,0.84,1.32,0.68,0.7647058823529411,0.0,0.6666666666666666,0.21381089980451673
GunPoint,0,noise,0.2,0.05,confidence_weighted_cp,32,18,180,150,2,0.84,1.3266666666666667,0.6733333333333333,0.7623762376237624,0.0,0.6666666666666666,0.21381089980451673
GunPoint,0,noise,0.2,0.05,fast_cp,32,18,180,150,2,0.8466666666666667,1.34,0.66,0.7676767676767676,0.0,0.6666666666666666,0.21381089980451673
GunPoint,0,noise,0.2,0.05,fast_cp_mixed,32,18,180,150,2,0.84,1.32,0.68,0.7647058823529411,0.0,0.6666666666666666,0.21381089980451673
GunPoint,0,drift,0.1,0.05,clean_split_cp,32,18,180,150,2,0.9733333333333334,1.2,0.8,0.9666666666666667,0.0,0.92,0.034821538861504624
GunPoint,0,drift,0.1,0.05,aug_split_cp,32,18,180,150,2,0.9866666666666667,1.2466666666666666,0.7533333333333333,0.9823008849557522,0.0,0.92,0.034821538861504624
GunPoint,0,drift,0.1,0.05,label_smooth_aug_cp,32,18,180,150,2,0.9866666666666667,1.2466666666666666,0.7533333333333333,0.9823008849557522,0.0,0.92,0.034821538861504624
GunPoint,0,drift,0.1,0.05,confidence_weighted_cp,32,18,180,150,2,0.9866666666666667,1.2666666666666666,0.7333333333333333,0.9818181818181818,0.0,0.92,0.034821538861504624
GunPoint,0,drift,0.1,0.05,fast_cp,32,18,180,150,2,0.9866666666666667,1.2333333333333334,0.7666666666666667,0.9826086956521739,0.0,0.92,0.034821538861504624
GunPoint,0,drift,0.1,0.05,fast_cp_mixed,32,18,180,150,2,0.9866666666666667,1.24,0.76,0.9824561403508771,0.0,0.92,0.034821538861504624
GunPoint,0,drift,0.2,0.05,clean_split_cp,32,18,180,150,2,0.9666666666666667,1.24,0.76,0.956140350877193,0.0,0.9,0.05226314595612809
GunPoint,0,drift,0.2,0.05,aug_split_cp,32,18,180,150,2,0.9866666666666667,1.2866666666666666,0.7133333333333334,0.9813084112149533,0.0,0.9,0.05226314595612809
GunPoint,0,drift,0.2,0.05,label_smooth_aug_cp,32,18,180,150,2,0.9866666666666667,1.2866666666666666,0.7133333333333334,0.9813084112149533,0.0,0.9,0.05226314595612809
GunPoint,0,drift,0.2,0.05,confidence_weighted_cp,32,18,180,150,2,0.9933333333333333,1.32,0.68,0.9901960784313726,0.0,0.9,0.05226314595612809
GunPoint,0,drift,0.2,0.05,fast_cp,32,18,180,150,2,0.9866666666666667,1.28,0.72,0.9814814814814815,0.0,0.9,0.05226314595612809
GunPoint,0,drift,0.2,0.05,fast_cp_mixed,32,18,180,150,2,0.9866666666666667,1.28,0.72,0.9814814814814815,0.0,0.9,0.05226314595612809
GunPoint,0,drift,0.4,0.05,clean_split_cp,32,18,180,150,2,0.9466666666666667,1.18,0.82,0.9349593495934959,0.0,0.8733333333333333,0.0662913311156131
GunPoint,0,drift,0.4,0.05,aug_split_cp,32,18,180,150,2,0.9466666666666667,1.2333333333333334,0.7666666666666667,0.9304347826086956,0.0,0.8733333333333333,0.0662913311156131
GunPoint,0,drift,0.4,0.05,label_smooth_aug_cp,32,18,180,150,2,0.9466666666666667,1.2333333333333334,0.7666666666666667,0.9304347826086956,0.0,0.8733333333333333,0.0662913311156131
GunPoint,0,drift,0.4,0.05,confidence_weighted_cp,32,18,180,150,2,0.9466666666666667,1.2733333333333334,0.7266666666666667,0.926605504587156,0.0,0.8733333333333333,0.0662913311156131
GunPoint,0,drift,0.4,0.05,fast_cp,32,18,180,150,2,0.9466666666666667,1.2266666666666666,0.7733333333333333,0.9310344827586207,0.0,0.8733333333333333,0.0662913311156131
GunPoint,0,drift,0.4,0.05,fast_cp_mixed,32,18,180,150,2,0.9466666666666667,1.2333333333333334,0.7666666666666667,0.9304347826086956,0.0,0.8733333333333333,0.0662913311156131
GunPoint,1,gap,0.05,0.05,clean_split_cp,32,18,180,150,2,0.96,1.0133333333333334,0.9866666666666667,0.9594594594594594,0.0,0.96,0.07065536267024636
GunPoint,1,gap,0.05,0.05,aug_split_cp,32,18,180,150,2,0.9666666666666667,1.02,0.98,0.9659863945578231,0.0,0.96,0.07065536267024636
GunPoint,1,gap,0.05,0.05,label_smooth_aug_cp,32,18,180,150,2,0.9666666666666667,1.02,0.98,0.9659863945578231,0.0,0.96,0.07065536267024636
GunPoint,1,gap,0.05,0.05,confidence_weighted_cp,32,18,180,150,2,0.9933333333333333,1.1466666666666667,0.8533333333333334,0.9921875,0.0,0.96,0.07065536267024636
GunPoint,1,gap,0.05,0.05,fast_cp,32,18,180,150,2,0.96,1.0133333333333334,0.9866666666666667,0.9594594594594594,0.0,0.96,0.07065536267024636
GunPoint,1,gap,0.05,0.05,fast_cp_mixed,32,18,180,150,2,0.96,1.0133333333333334,0.9866666666666667,0.9594594594594594,0.0,0.96,0.07065536267024636
GunPoint,1,gap,0.1,0.05,clean_split_cp,32,18,180,150,2,0.94,1.02,0.98,0.9387755102040817,0.0,0.92,0.07081213966576767
GunPoint,1,gap,0.1,0.05,aug_split_cp,32,18,180,150,2,0.9533333333333334,1.0333333333333334,0.9666666666666667,0.9517241379310345,0.0,0.92,0.07081213966576767
GunPoint,1,gap,0.1,0.05,label_smooth_aug_cp,32,18,180,150,2,0.9533333333333334,1.0333333333333334,0.9666666666666667,0.9517241379310345,0.0,0.92,0.07081213966576767
GunPoint,1,gap,0.1,0.05,confidence_weighted_cp,32,18,180,150,2,0.9733333333333334,1.1266666666666667,0.8733333333333333,0.9694656488549618,0.0,0.92,0.07081213966576767
GunPoint,1,gap,0.1,0.05,fast_cp,32,18,180,150,2,0.9533333333333334,1.0333333333333334,0.9666666666666667,0.9517241379310345,0.0,0.92,0.07081213966576767
GunPoint,1,gap,0.1,0.05,fast_cp_mixed,32,18,180,150,2,0.9533333333333334,1.0333333333333334,0.9666666666666667,0.9517241379310345,0.0,0.92,0.07081213966576767
GunPoint,1,gap,0.2,0.05,clean_split_cp,32,18,180,150,2,0.8066666666666666,1.02,0.98,0.8027210884353742,0.0,0.8066666666666666,0.12033468011883194
GunPoint,1,gap,0.2,0.05,aug_split_cp,32,18,180,150,2,0.82,1.04,0.96,0.8125,0.0,0.8066666666666666,0.12033468011883194
GunPoint,1,gap,0.2,0.05,label_smooth_aug_cp,32,18,180,150,2,0.82,1.04,0.96,0.8125,0.0,0.8066666666666666,0.12033468011883194
GunPoint,1,gap,0.2,0.05,confidence_weighted_cp,32,18,180,150,2,0.88,1.2,0.8,0.85,0.0,0.8066666666666666,0.12033468011883194
GunPoint,1,gap,0.2,0.05,fast_cp,32,18,180,150,2,0.82,1.04,0.96,0.8125,0.0,0.8066666666666666,0.12033468011883194
GunPoint,1,gap,0.2,0.05,fast_cp_mixed,32,18,180,150,2,0.82,1.04,0.96,0.8125,0.0,0.8066666666666666,0.12033468011883194
GunPoint,1,noise,0.05,0.05,clean_split_cp,32,18,180,150,2,0.96,1.02,0.98,0.9591836734693877,0.0,0.9466666666666667,0.07377117459753743
GunPoint,1,noise,0.05,0.05,aug_split_cp,32,18,180,150,2,0.96,1.0266666666666666,0.9733333333333334,0.958904109589041,0.0,0.9466666666666667,0.07377117459753743
GunPoint,1,noise,0.05,0.05,label_smooth_aug_cp,32,18,180,150,2,0.96,1.0266666666666666,0.9733333333333334,0.958904109589041,0.0,0.9466666666666667,0.07377117459753743
GunPoint,1,noise,0.05,0.05,confidence_weighted_cp,32,18,180,150,2,0.9866666666666667,1.1933333333333334,0.8066666666666666,0.9834710743801653,0.0,0.9466666666666667,0.07377117459753743
GunPoint,1,noise,0.05,0.05,fast_cp,32,18,180,150,2,0.96,1.0266666666666666,0.9733333333333334,0.958904109589041,0.0,0.9466666666666667,0.07377117459753743
GunPoint,1,noise,0.05,0.05,fast_cp_mixed,32,18,180,150,2,0.96,1.0266666666666666,0.9733333333333334,0.958904109589041,0.0,0.9466666666666667,0.07377117459753743
GunPoint,1,noise,0.1,0.05,clean_split_cp,32,18,180,150,2,0.84,1.0,1.0,0.84,0.0,0.84,0.05254259921638291
GunPoint,1,noise,0.1,0.05,aug_split_cp,32,18,180,150,2,0.8533333333333334,1.0333333333333334,0.9666666666666667,0.8482758620689655,0.0,0.84,0.05254259921638291
GunPoint,1,noise,0.1,0.05,label_smooth_aug_cp,32,18,180,150,2,0.8533333333333334,1.0333333333333334,0.9666666666666667,0.8482758620689655,0.0,0.84,0.05254259921638291
GunPoint,1,noise,0.1,0.05,confidence_weighted_cp,32,18,180,150,2,0.9266666666666666,1.2266666666666666,0.7733333333333333,0.9051724137931034,0.0,0.84,0.05254259921638291
GunPoint,1,noise,0.1,0.05,fast_cp,32,18,180,150,2,0.8533333333333334,1.0333333333333334,0.9666666666666667,0.8482758620689655,0.0,0.84,0.05254259921638291
GunPoint,1,noise,0.1,0.05,fast_cp_mixed,32,18,180,150,2,0.8533333333333334,1.0333333333333334,0.9666666666666667,0.8482758620689655,0.0,0.84,0.05254259921638291
GunPoint,1,noise,0.2,0.05,clean_split_cp,32,18,180,150,2,0.6933333333333334,1.0066666666666666,0.9933333333333333,0.6912751677852349,0.0,0.6933333333333334,0.22993528469813632
GunPoint,1,noise,0.2,0.05,aug_split_cp,32,18,180,150,2,0.7,1.0266666666666666,0.9733333333333334,0.6917808219178082,0.0,0.6933333333333334,0.22993528469813632
GunPoint,1,noise,0.2,0.05,label_smooth_aug_cp,32,18,180,150,2,0.7,1.0266666666666666,0.9733333333333334,0.6917808219178082,0.0,0.6933333333333334,0.22993528469813632
GunPoint,1,noise,0.2,0.05,confidence_weighted_cp,32,18,180,150,2,0.7466666666666667,1.12,0.88,0.7121212121212122,0.0,0.6933333333333334,0.22993528469813632
GunPoint,1,noise,0.2,0.05,fast_cp,32,18,180,150,2,0.7133333333333334,1.0466666666666666,0.9533333333333334,0.6993006993006993,0.0,0.6933333333333334,0.22993528469813632
GunPoint,1,noise,0.2,0.05,fast_cp_mixed,32,18,180,150,2,0.7066666666666667,1.0333333333333334,0.9666666666666667,0.696551724137931,0.0,0.6933333333333334,0.22993528469813632
GunPoint,1,drift,0.1,0.05,clean_split_cp,32,18,180,150,2,0.98,1.0066666666666666,0.9933333333333333,0.9798657718120806,0.0,0.98,0.06331468094632622
GunPoint,1,drift,0.1,0.05,aug_split_cp,32,18,180,150,2,0.98,1.0066666666666666,0.9933333333333333,0.9798657718120806,0.0,0.98,0.06331468094632622
GunPoint,1,drift,0.1,0.05,label_smooth_aug_cp,32,18,180,150,2,0.98,1.0066666666666666,0.9933333333333333,0.9798657718120806,0.0,0.98,0.06331468094632622
GunPoint,1,drift,0.1,0.05,confidence_weighted_cp,32,18,180,150,2,1.0,1.1466666666666667,0.8533333333333334,1.0,0.0,0.98,0.06331468094632622
GunPoint,1,drift,0.1,0.05,fast_cp,32,18,180,150,2,0.98,1.0066666666666666,0.9933333333333333,0.9798657718120806,0.0,0.98,0.06331468094632622
GunPoint,1,drift,0.1,0.05,fast_cp_mixed,32,18,180,150,2,0.98,1.0066666666666666,0.9933333333333333,0.9798657718120806,0.0,0.98,0.06331468094632622
GunPoint,1,drift,0.2,0.05,clean_split_cp,32,18,180,150,2,0.96,1.0066666666666666,0.9933333333333333,0.959731543624161,0.0,0.9533333333333334,0.07292929103332063
GunPoint,1,drift,0.2,0.05,aug_split_cp,32,18,180,150,2,0.96,1.0066666666666666,0.9933333333333333,0.959731543624161,0.0,0.9533333333333334,0.07292929103332063
GunPoint,1,drift,0.2,0.05,label_smooth_aug_cp,32,18,180,150,2,0.96,1.0066666666666666,0.9933333333333333,0.959731543624161,0.0,0.9533333333333334,0.07292929103332063
GunPoint,1,drift,0.2,0.05,confidence_weighted_cp,32,18,180,150,2,0.9933333333333333,1.1533333333333333,0.8466666666666667,0.9921259842519685,0.0,0.9533333333333334,0.07292929103332063
GunPoint,1,drift,0.2,0.05,fast_cp,32,18,180,150,2,0.96,1.0066666666666666,0.9933333333333333,0.959731543624161,0.0,0.9533333333333334,0.07292929103332063
GunPoint,1,drift,0.2,0.05,fast_cp_mixed,32,18,180,150,2,0.96,1.0066666666666666,0.9933333333333333,0.959731543624161,0.0,0.9533333333333334,0.07292929103332063
GunPoint,1,drift,0.4,0.05,clean_split_cp,32,18,180,150,2,0.94,1.0133333333333334,0.9866666666666667,0.9391891891891891,0.0,0.9333333333333333,0.04419386418173265
GunPoint,1,drift,0.4,0.05,aug_split_cp,32,18,180,150,2,0.9533333333333334,1.0333333333333334,0.9666666666666667,0.9517241379310345,0.0,0.9333333333333333,0.04419386418173265
GunPoint,1,drift,0.4,0.05,label_smooth_aug_cp,32,18,180,150,2,0.9533333333333334,1.0333333333333334,0.9666666666666667,0.9517241379310345,0.0,0.9333333333333333,0.04419386418173265
GunPoint,1,drift,0.4,0.05,confidence_weighted_cp,32,18,180,150,2,0.9866666666666667,1.14,0.86,0.9844961240310077,0.0,0.9333333333333333,0.04419386418173265
GunPoint,1,drift,0.4,0.05,fast_cp,32,18,180,150,2,0.94,1.0133333333333334,0.9866666666666667,0.9391891891891891,0.0,0.9333333333333333,0.04419386418173265
GunPoint,1,drift,0.4,0.05,fast_cp_mixed,32,18,180,150,2,0.9533333333333334,1.0333333333333334,0.9666666666666667,0.9517241379310345,0.0,0.9333333333333333,0.04419386418173265
GunPoint,2,gap,0.05,0.05,clean_split_cp,32,18,180,150,2,1.0,1.7533333333333334,0.24666666666666667,1.0,0.0,0.9333333333333333,0.04345444844524135
GunPoint,2,gap,0.05,0.05,aug_split_cp,32,18,180,150,2,0.9933333333333333,1.68,0.32,0.9791666666666666,0.0,0.9333333333333333,0.04345444844524135
GunPoint,2,gap,0.05,0.05,label_smooth_aug_cp,32,18,180,150,2,0.9933333333333333,1.68,0.32,0.9791666666666666,0.0,0.9333333333333333,0.04345444844524135
GunPoint,2,gap,0.05,0.05,confidence_weighted_cp,32,18,180,150,2,0.9866666666666667,1.66,0.34,0.9607843137254902,0.0,0.9333333333333333,0.04345444844524135
GunPoint,2,gap,0.05,0.05,fast_cp,32,18,180,150,2,0.9866666666666667,1.1866666666666668,0.8133333333333334,0.9836065573770492,0.0,0.9333333333333333,0.04345444844524135
GunPoint,2,gap,0.05,0.05,fast_cp_mixed,32,18,180,150,2,0.9933333333333333,1.3,0.7,0.9904761904761905,0.0,0.9333333333333333,0.04345444844524135
GunPoint,2,gap,0.1,0.05,clean_split_cp,32,18,180,150,2,1.0,1.7533333333333334,0.24666666666666667,1.0,0.0,0.9266666666666666,0.06477691943662947
GunPoint,2,gap,0.1,0.05,aug_split_cp,32,18,180,150,2,1.0,1.6733333333333333,0.32666666666666666,1.0,0.0,0.9266666666666666,0.06477691943662947
GunPoint,2,gap,0.1,0.05,label_smooth_aug_cp,32,18,180,150,2,1.0,1.6733333333333333,0.32666666666666666,1.0,0.0,0.9266666666666666,0.06477691943662947
GunPoint,2,gap,0.1,0.05,confidence_weighted_cp,32,18,180,150,2,1.0,1.6533333333333333,0.3466666666666667,1.0,0.0,0.9266666666666666,0.06477691943662947
GunPoint,2,gap,0.1,0.05,fast_cp,32,18,180,150,2,1.0,1.24,0.76,1.0,0.0,0.9266666666666666,0.06477691943662947
GunPoint,2,gap,0.1,0.05,fast_cp_mixed,32,18,180,150,2,1.0,1.2866666666666666,0.7133333333333334,1.0,0.0,0.9266666666666666,0.06477691943662947
GunPoint,2,gap,0.2,0.05,clean_split_cp,32,18,180,150,2,0.98,1.6866666666666668,0.31333333333333335,0.9361702127659575,0.0,0.8266666666666667,0.09374870603376456
GunPoint,2,gap,0.2,0.05,aug_split_cp,32,18,180,150,2,0.9733333333333334,1.5933333333333333,0.4066666666666667,0.9344262295081968,0.0,0.8266666666666667,0.09374870603376456
GunPoint,2,gap,0.2,0.05,label_smooth_aug_cp,32,18,180,150,2,0.9733333333333334,1.5933333333333333,0.4066666666666667,0.9344262295081968,0.0,0.8266666666666667,0.09374870603376456
GunPoint,2,gap,0.2,0.05,confidence_weighted_cp,32,18,180,150,2,0.9666666666666667,1.58,0.42,0.9206349206349206,0.0,0.8266666666666667,0.09374870603376456
GunPoint,2,gap,0.2,0.05,fast_cp,32,18,180,150,2,0.9466666666666667,1.2866666666666666,0.7133333333333334,0.9252336448598131,0.0,0.8266666666666667,0.09374870603376456
GunPoint,2,gap,0.2,0.05,fast_cp_mixed,32,18,180,150,2,0.9466666666666667,1.32,0.68,0.9215686274509803,0.0,0.8266666666666667,0.09374870603376456
GunPoint,2,noise,0.05,0.05,clean_split_cp,32,18,180,150,2,1.0,1.7666666666666666,0.23333333333333334,1.0,0.0,0.9533333333333334,0.07793265949424405
GunPoint,2,noise,0.05,0.05,aug_split_cp,32,18,180,150,2,1.0,1.7333333333333334,0.26666666666666666,1.0,0.0,0.9533333333333334,0.07793265949424405
GunPoint,2,noise,0.05,0.05,label_smooth_aug_cp,32,18,180,150,2,1.0,1.7333333333333334,0.26666666666666666,1.0,0.0,0.9533333333333334,0.07793265949424405
GunPoint,2,noise,0.05,0.05,confidence_weighted_cp,32,18,180,150,2,1.0,1.7266666666666666,0.2733333333333333,1.0,0.0,0.9533333333333334,0.07793265949424405
GunPoint,2,noise,0.05,0.05,fast_cp,32,18,180,150,2,1.0,1.56,0.44,1.0,0.0,0.9533333333333334,0.07793265949424405
GunPoint,2,noise,0.05,0.05,fast_cp_mixed,32,18,180,150,2,1.0,1.6,0.4,1.0,0.0,0.9533333333333334,0.07793265949424405
GunPoint,2,noise,0.1,0.05,clean_split_cp,32,18,180,150,2,1.0,1.6866666666666668,0.31333333333333335,1.0,0.0,0.7266666666666667,0.13641412277712528
GunPoint,2,noise,0.1,0.05,aug_split_cp,32,18,180,150,2,1.0,1.64,0.36,1.0,0.0,0.7266666666666667,0.13641412277712528
GunPoint,2,noise,0.1,0.05,label_smooth_aug_cp,32,18,180,150,2,1.0,1.64,0.36,1.0,0.0,0.7266666666666667,0.13641412277712528
GunPoint,2,noise,0.1,0.05,confidence_weighted_cp,32,18,180,150,2,0.96,1.58,0.42,0.9047619047619048,0.0,0.7266666666666667,0.13641412277712528
GunPoint,2,noise,0.1,0.05,fast_cp,32,18,180,150,2,1.0,1.6066666666666667,0.3933333333333333,1.0,0.0,0.7266666666666667,0.13641412277712528
GunPoint,2,noise,0.1,0.05,fast_cp_mixed,32,18,180,150,2,1.0,1.6066666666666667,0.3933333333333333,1.0,0.0,0.7266666666666667,0.13641412277712528
GunPoint,2,noise,0.2,0.05,clean_split_cp,32,18,180,150,2,0.86,1.4133333333333333,0.5866666666666667,0.7613636363636364,0.0,0.5133333333333333,0.46846116974205987
GunPoint,2,noise,0.2,0.05,aug_split_cp,32,18,180,150,2,0.8066666666666666,1.3533333333333333,0.6466666666666666,0.7010309278350515,0.0,0.5133333333333333,0.46846116974205987
GunPoint,2,noise,0.2,0.05,label_smooth_aug_cp,32,18,180,150,2,0.8066666666666666,1.3533333333333333,0.6466666666666666,0.7010309278350515,0.0,0.5133333333333333,0.46846116974205987
GunPoint,2,noise,0.2,0.05,confidence_weighted_cp,32,18,180,150,2,0.7933333333333333,1.34,0.66,0.6868686868686869,0.0,0.5133333333333333,0.46846116974205987
GunPoint,2,noise,0.2,0.05,fast_cp,32,18,180,150,2,0.8133333333333334,1.36,0.64,0.7083333333333334,0.0,0.5133333333333333,0.46846116974205987
GunPoint,2,noise,0.2,0.05,fast_cp_mixed,32,18,180,150,2,0.8066666666666666,1.3533333333333333,0.6466666666666666,0.7010309278350515,0.0,0.5133333333333333,0.46846116974205987
GunPoint,2,drift,0.1,0.05,clean_split_cp,32,18,180,150,2,1.0,1.74,0.26,1.0,0.0,0.9533333333333334,0.04534035293869395
GunPoint,2,drift,0.1,0.05,aug_split_cp,32,18,180,150,2,1.0,1.6866666666666668,0.31333333333333335,1.0,0.0,0.9533333333333334,0.04534035293869395
GunPoint,2,drift,0.1,0.05,label_smooth_aug_cp,32,18,180,150,2,1.0,1.6866666666666668,0.31333333333333335,1.0,0.0,0.9533333333333334,0.04534035293869395
GunPoint,2,drift,0.1,0.05,confidence_weighted_cp,32,18,180,150,2,0.9933333333333333,1.6533333333333333,0.3466666666666667,0.9807692307692307,0.0,0.9533333333333334,0.04534035293869395
GunPoint,2,drift,0.1,0.05,fast_cp,32,18,180,150,2,1.0,1.2866666666666666,0.7133333333333334,1.0,0.0,0.9533333333333334,0.04534035293869395
GunPoint,2,drift,0.1,0.05,fast_cp_mixed,32,18,180,150,2,1.0,1.3333333333333333,0.6666666666666666,1.0,0.0,0.9533333333333334,0.04534035293869395
GunPoint,2,drift,0.2,0.05,clean_split_cp,32,18,180,150,2,1.0,1.7333333333333334,0.26666666666666666,1.0,0.0,0.9266666666666666,0.03317582944755671
GunPoint,2,drift,0.2,0.05,aug_split_cp,32,18,180,150,2,1.0,1.64,0.36,1.0,0.0,0.9266666666666666,0.03317582944755671
GunPoint,2,drift,0.2,0.05,label_smooth_aug_cp,32,18,180,150,2,1.0,1.64,0.36,1.0,0.0,0.9266666666666666,0.03317582944755671
GunPoint,2,drift,0.2,0.05,confidence_weighted_cp,32,18,180,150,2,0.9933333333333333,1.6,0.4,0.9833333333333333,0.0,0.9266666666666666,0.03317582944755671
GunPoint,2,drift,0.2,0.05,fast_cp,32,18,180,150,2,0.9933333333333333,1.3533333333333333,0.6466666666666666,0.9896907216494846,0.0,0.9266666666666666,0.03317582944755671
GunPoint,2,drift,0.2,0.05,fast_cp_mixed,32,18,180,150,2,1.0,1.4466666666666668,0.5533333333333333,1.0,0.0,0.9266666666666666,0.03317582944755671
GunPoint,2,drift,0.4,0.05,clean_split_cp,32,18,180,150,2,0.98,1.6066666666666667,0.3933333333333333,0.9491525423728814,0.0,0.8533333333333334,0.056939571940929495
GunPoint,2,drift,0.4,0.05,aug_split_cp,32,18,180,150,2,0.98,1.5733333333333333,0.4266666666666667,0.953125,0.0,0.8533333333333334,0.056939571940929495
GunPoint,2,drift,0.4,0.05,label_smooth_aug_cp,32,18,180,150,2,0.98,1.5733333333333333,0.4266666666666667,0.953125,0.0,0.8533333333333334,0.056939571940929495
GunPoint,2,drift,0.4,0.05,confidence_weighted_cp,32,18,180,150,2,0.9666666666666667,1.5266666666666666,0.47333333333333333,0.9295774647887324,0.0,0.8533333333333334,0.056939571940929495
GunPoint,2,drift,0.4,0.05,fast_cp,32,18,180,150,2,0.98,1.4866666666666666,0.5133333333333333,0.961038961038961,0.0,0.8533333333333334,0.056939571940929495
GunPoint,2,drift,0.4,0.05,fast_cp_mixed,32,18,180,150,2,0.98,1.4933333333333334,0.5066666666666667,0.9605263157894737,0.0,0.8533333333333334,0.056939571940929495
ItalyPowerDemand,0,gap,0.05,0.05,clean_split_cp,43,24,240,1029,2,0.9961127308066083,1.3615160349854227,0.6384839650145773,0.9939117199391172,0.0,0.9659863945578231,0.010229075968149433
ItalyPowerDemand,0,gap,0.05,0.05,aug_split_cp,43,24,240,1029,2,0.9815354713313897,1.0485908649173956,0.9514091350826045,0.9805924412665986,0.0,0.9659863945578231,0.010229075968149433
ItalyPowerDemand,0,gap,0.05,0.05,label_smooth_aug_cp,43,24,240,1029,2,0.9815354713313897,1.0485908649173956,0.9514091350826045,0.9805924412665986,0.0,0.9659863945578231,0.010229075968149433
ItalyPowerDemand,0,gap,0.05,0.05,confidence_weighted_cp,43,24,240,1029,2,0.891156462585034,1.034013605442177,0.771622934888241,0.9848866498740554,0.09718172983479106,0.9659863945578231,0.010229075968149433
ItalyPowerDemand,0,gap,0.05,0.05,fast_cp,43,24,240,1029,2,0.9135082604470359,1.000971817298348,0.8551992225461613,0.9829545454545454,0.07191448007774538,0.9659863945578231,0.010229075968149433
ItalyPowerDemand,0,gap,0.05,0.05,fast_cp_mixed,43,24,240,1029,2,0.9708454810495627,1.033041788143829,0.9455782312925171,0.9804727646454265,0.010689990281827016,0.9659863945578231,0.010229075968149433
ItalyPowerDemand,0,gap,0.1,0.05,clean_split_cp,43,24,240,1029,2,0.9951409135082604,1.3634596695821186,0.6365403304178814,0.9923664122137404,0.0,0.966958211856171,0.017127782104543885
ItalyPowerDemand,0,gap,0.1,0.05,aug_split_cp,43,24,240,1029,2,0.9795918367346939,1.054421768707483,0.9455782312925171,0.9784172661870504,0.0,0.966958211856171,0.017127782104543885
ItalyPowerDemand,0,gap,0.1,0.05,label_smooth_aug_cp,43,24,240,1029,2,0.9795918367346939,1.054421768707483,0.9455782312925171,0.9784172661870504,0.0,0.966958211856171,0.017127782104543885
ItalyPowerDemand,0,gap,0.1,0.05,confidence_weighted_cp,43,24,240,1029,2,0.8950437317784257,1.0466472303206997,0.7628765792031098,0.9872611464968153,0.09523809523809523,0.966958211856171,0.017127782104543885
ItalyPowerDemand,0,gap,0.1,0.05,fast_cp,43,24,240,1029,2,0.9251700680272109,1.0204081632653061,0.8649173955296404,0.9797752808988764,0.057337220602526724,0.966958211856171,0.017127782104543885
ItalyPowerDemand,0,gap,0.1,0.05,fast_cp_mixed,43,24,240,1029,2,0.9757045675413022,1.0476190476190477,0.9446064139941691,0.9783950617283951,0.003887269193391642,0.966958211856171,0.017127782104543885
ItalyPowerDemand,0,gap,0.2,0.05,clean_split_cp,43,24,240,1029,2,0.989310009718173,1.4586977648202137,0.5413022351797862,0.9802513464991023,0.0,0.8882410106899903,0.06734094571309412
ItalyPowerDemand,0,gap,0.2,0.05,aug_split_cp,43,24,240,1029,2,0.9319727891156463,1.1020408163265305,0.8979591836734694,0.9242424242424242,0.0,0.8882410106899903,0.06734094571309412
ItalyPowerDemand,0,gap,0.2,0.05,label_smooth_aug_cp,43,24,240,1029,2,0.9319727891156463,1.1020408163265305,0.8979591836734694,0.9242424242424242,0.0,0.8882410106899903,0.06734094571309412
ItalyPowerDemand,0,gap,0.2,0.05,confidence_weighted_cp,43,24,240,1029,2,0.7900874635568513,0.9426627793974732,0.717201166180758,0.9444444444444444,0.17006802721088435,0.8882410106899903,0.06734094571309412
ItalyPowerDemand,0,gap,0.2,0.05,fast_cp,43,24,240,1029,2,0.8765792031098154,1.0563654033041787,0.793974732750243,0.9388004895960832,0.07482993197278912,0.8882410106899903,0.06734094571309412
ItalyPowerDemand,0,gap,0.2,0.05,fast_cp_mixed,43,24,240,1029,2,0.9164237123420796,1.0787172011661808,0.8901846452866861,0.9235807860262009,0.015549076773566569,0.8882410106899903,0.06734094571309412
ItalyPowerDemand,0,noise,0.05,0.05,clean_split_cp,43,24,240,1029,2,0.9961127308066083,1.358600583090379,0.641399416909621,0.9939393939393939,0.0,0.967930029154519,0.013807058861079306
ItalyPowerDemand,0,noise,0.05,0.05,aug_split_cp,43,24,240,1029,2,0.9786200194363459,1.0427599611273082,0.9572400388726919,0.9776649746192894,0.0,0.967930029154519,0.013807058861079306
ItalyPowerDemand,0,noise,0.05,0.05,label_smooth_aug_cp,43,24,240,1029,2,0.9786200194363459,1.0427599611273082,0.9572400388726919,0.9776649746192894,0.0,0.967930029154519,0.013807058861079306
ItalyPowerDemand,0,noise,0.05,0.05,confidence_weighted_cp,43,24,240,1029,2,0.8979591836734694,1.0447035957240038,0.7764820213799806,0.983729662077597,0.08940719144800778,0.967930029154519,0.013807058861079306
ItalyPowerDemand,0,noise,0.05,0.05,fast_cp,43,24,240,1029,2,0.9154518950437318,1.010689990281827,0.8532555879494655,0.9806378132118451,0.06802721088435375,0.967930029154519,0.013807058861079306
ItalyPowerDemand,0,noise,0.05,0.05,fast_cp_mixed,43,24,240,1029,2,0.9757045675413022,1.0388726919339164,0.9533527696793003,0.9785932721712538,0.003887269193391642,0.967930029154519,0.013807058861079306
ItalyPowerDemand,0,noise,0.1,0.05,clean_split_cp,43,24,240,1029,2,0.9961127308066083,1.3760932944606414,0.6239067055393586,0.9937694704049844,0.0,0.9620991253644315,0.013566516918566817
ItalyPowerDemand,0,noise,0.1,0.05,aug_split_cp,43,24,240,1029,2,0.9815354713313897,1.0515063168124392,0.9484936831875608,0.9805327868852459,0.0,0.9620991253644315,0.013566516918566817
ItalyPowerDemand,0,noise,0.1,0.05,label_smooth_aug_cp,43,24,240,1029,2,0.9815354713313897,1.0515063168124392,0.9484936831875608,0.9805327868852459,0.0,0.9620991253644315,0.013566516918566817
ItalyPowerDemand,0,noise,0.1,0.05,confidence_weighted_cp,43,24,240,1029,2,0.8824101068999028,1.021379980563654,0.7667638483965015,0.9847908745247148,0.10592808551992225,0.9620991253644315,0.013566516918566817
ItalyPowerDemand,0,noise,0.1,0.05,fast_cp,43,24,240,1029,2,0.9057337220602527,0.9931972789115646,0.847424684159378,0.9827981651376146,0.07968901846452867,0.9620991253644315,0.013566516918566817
ItalyPowerDemand,0,noise,0.1,0.05,fast_cp_mixed,43,24,240,1029,2,0.9698736637512148,1.034013605442177,0.9426627793974732,0.9804123711340206,0.011661807580174927,0.9620991253644315,0.013566516918566817
ItalyPowerDemand,0,noise,0.2,0.05,clean_split_cp,43,24,240,1029,2,0.9970845481049563,1.444120505344995,0.5558794946550049,0.9947552447552448,0.0,0.9591836734693877,0.011288392478523144
ItalyPowerDemand,0,noise,0.2,0.05,aug_split_cp,43,24,240,1029,2,0.9795918367346939,1.06511175898931,0.93488824101069,0.9781704781704782,0.0,0.9591836734693877,0.011288392478523144
ItalyPowerDemand,0,noise,0.2,0.05,label_smooth_aug_cp,43,24,240,1029,2,0.9795918367346939,1.06511175898931,0.93488824101069,0.9781704781704782,0.0,0.9591836734693877,0.011288392478523144
ItalyPowerDemand,0,noise,0.2,0.05,confidence_weighted_cp,43,24,240,1029,2,0.8600583090379009,1.0145772594752187,0.7366375121477162,0.978891820580475,0.12439261418853255,0.9591836734693877,0.011288392478523144
ItalyPowerDemand,0,noise,0.2,0.05,fast_cp,43,24,240,1029,2,0.9436345966958212,1.120505344995141,0.7959183673469388,0.9816849816849816,0.04178814382896016,0.9591836734693877,0.011288392478523144
ItalyPowerDemand,0,noise,0.2,0.05,fast_cp_mixed,43,24,240,1029,2,0.9630709426627794,1.0417881438289602,0.9251700680272109,0.9779411764705882,0.01652089407191448,0.9591836734693877,0.011288392478523144
ItalyPowerDemand,0,drift,0.1,0.05,clean_split_cp,43,24,240,1029,2,0.9961127308066083,1.3537414965986394,0.6462585034013606,0.9939849624060151,0.0,0.9650145772594753,0.01493379608412821
ItalyPowerDemand,0,drift,0.1,0.05,aug_split_cp,43,24,240,1029,2,0.9795918367346939,1.0427599611273082,0.9572400388726919,0.9786802030456853,0.0,0.9650145772594753,0.01493379608412821
ItalyPowerDemand,0,drift,0.1,0.05,label_smooth_aug_cp,43,24,240,1029,2,0.9795918367346939,1.0427599611273082,0.9572400388726919,0.9786802030456853,0.0,0.9650145772594753,0.01493379608412821
ItalyPowerDemand,0,drift,0.1,0.05,confidence_weighted_cp,43,24,240,1029,2,0.9037900874635568,1.0417881438289602,0.7871720116618076,0.9864197530864197,0.08551992225461613,0.9650145772594753,0.01493379608412821
ItalyPowerDemand,0,drift,0.1,0.05,fast_cp,43,24,240,1029,2,0.9086491739552964,0.9922254616132167,0.8561710398445093,0.981838819523269,0.07580174927113703,0.9650145772594753,0.01493379608412821
ItalyPowerDemand,0,drift,0.1,0.05,fast_cp_mixed,43,24,240,1029,2,0.9727891156462585,1.0301263362487851,0.9543245869776482,0.9796334012219959,0.007774538386783284,0.9650145772594753,0.01493379608412821
ItalyPowerDemand,0,drift,0.2,0.05,clean_split_cp,43,24,240,1029,2,0.9961127308066083,1.3401360544217686,0.6598639455782312,0.9941089837997055,0.0,0.9650145772594753,0.016374730687209606
ItalyPowerDemand,0,drift,0.2,0.05,aug_split_cp,43,24,240,1029,2,0.9786200194363459,1.0476190476190477,0.9523809523809523,0.9775510204081632,0.0,0.9650145772594753,0.016374730687209606
ItalyPowerDemand,0,drift,0.2,0.05,label_smooth_aug_cp,43,24,240,1029,2,0.9786200194363459,1.0476190476190477,0.9523809523809523,0.9775510204081632,0.0,0.9650145772594753,0.016374730687209606
ItalyPowerDemand,0,drift,0.2,0.05,confidence_weighted_cp,43,24,240,1029,2,0.8940719144800777,1.0194363459669582,0.793974732750243,0.9840881272949816,0.09329446064139942,0.9650145772594753,0.016374730687209606
ItalyPowerDemand,0,drift,0.2,0.05,fast_cp,43,24,240,1029,2,0.9173955296404276,0.9990281827016521,0.8610301263362488,0.9853273137697517,0.06997084548104957,0.9650145772594753,0.016374730687209606
ItalyPowerDemand,0,drift,0.2,0.05,fast_cp_mixed,43,24,240,1029,2,0.9718172983479106,1.0369290573372205,0.9494655004859086,0.977482088024565,0.006802721088435374,0.9650145772594753,0.016374730687209606
ItalyPowerDemand,0,drift,0.4,0.05,clean_split_cp,43,24,240,1029,2,0.9941690962099126,1.3673469387755102,0.6326530612244898,0.9907834101382489,0.0,0.967930029154519,0.01996468088477739
ItalyPowerDemand,0,drift,0.4,0.05,aug_split_cp,43,24,240,1029,2,0.9786200194363459,1.0612244897959184,0.9387755102040817,0.9772256728778468,0.0,0.967930029154519,0.01996468088477739
ItalyPowerDemand,0,drift,0.4,0.05,label_smooth_aug_cp,43,24,240,1029,2,0.9786200194363459,1.0612244897959184,0.9387755102040817,0.9772256728778468,0.0,0.967930029154519,0.01996468088477739
ItalyPowerDemand,0,drift,0.4,0.05,confidence_weighted_cp,43,24,240,1029,2,0.86977648202138,1.000971817298348,0.7677356656948494,0.9810126582278481,0.11564625850340136,0.967930029154519,0.01996468088477739
ItalyPowerDemand,0,drift,0.4,0.05,fast_cp,43,24,240,1029,2,0.8999028182701652,1.0019436345966959,0.8328474246841594,0.9789964994165694,0.0826044703595724,0.967930029154519,0.01996468088477739
ItalyPowerDemand,0,drift,0.4,0.05,fast_cp_mixed,43,24,240,1029,2,0.9698736637512148,1.0466472303206997,0.9358600583090378,0.9771547248182763,0.008746355685131196,0.967930029154519,0.01996468088477739
ItalyPowerDemand,1,gap,0.05,0.05,clean_split_cp,43,24,240,1029,2,0.9572400388726919,0.9863945578231292,0.9863945578231292,0.9704433497536946,0.013605442176870748,0.9650145772594753,0.013824397230974114
ItalyPowerDemand,1,gap,0.05,0.05,aug_split_cp,43,24,240,1029,2,0.9329446064139941,0.956268221574344,0.956268221574344,0.975609756097561,0.043731778425655975,0.9650145772594753,0.013824397230974114
ItalyPowerDemand,1,gap,0.05,0.05,label_smooth_aug_cp,43,24,240,1029,2,0.9329446064139941,0.956268221574344,0.956268221574344,0.975609756097561,0.043731778425655975,0.9650145772594753,0.013824397230974114
ItalyPowerDemand,1,gap,0.05,0.05,confidence_weighted_cp,43,24,240,1029,2,0.9620991253644315,1.0505344995140913,0.9261418853255587,0.9716684155299056,0.011661807580174927,0.9650145772594753,0.013824397230974114
ItalyPowerDemand,1,gap,0.05,0.05,fast_cp,43,24,240,1029,2,0.9650145772594753,1.0048590864917395,0.9854227405247813,0.9694280078895463,0.004859086491739553,0.9650145772594753,0.013824397230974114
ItalyPowerDemand,1,gap,0.05,0.05,fast_cp_mixed,43,24,240,1029,2,0.9591836734693877,0.989310009718173,0.989310009718173,0.9695481335952849,0.010689990281827016,0.9650145772594753,0.013824397230974114
ItalyPowerDemand,1,gap,0.1,0.05,clean_split_cp,43,24,240,1029,2,0.9465500485908649,0.9825072886297376,0.9825072886297376,0.963402571711177,0.01749271137026239,0.956268221574344,0.007703045570826411
ItalyPowerDemand,1,gap,0.1,0.05,aug_split_cp,43,24,240,1029,2,0.9173955296404276,0.9436345966958212,0.9436345966958212,0.972193614830072,0.056365403304178816,0.956268221574344,0.007703045570826411
ItalyPowerDemand,1,gap,0.1,0.05,label_smooth_aug_cp,43,24,240,1029,2,0.9173955296404276,0.9436345966958212,0.9436345966958212,0.972193614830072,0.056365403304178816,0.956268221574344,0.007703045570826411
ItalyPowerDemand,1,gap,0.1,0.05,confidence_weighted_cp,43,24,240,1029,2,0.9533527696793003,1.0563654033041787,0.9086491739552964,0.9679144385026738,0.01749271137026239,0.956268221574344,0.007703045570826411
ItalyPowerDemand,1,gap,0.1,0.05,fast_cp,43,24,240,1029,2,0.956268221574344,1.0048590864917395,0.989310009718173,0.9587426326129665,0.0029154518950437317,0.956268221574344,0.007703045570826411
ItalyPowerDemand,1,gap,0.1,0.05,fast_cp_mixed,43,24,240,1029,2,0.9514091350826045,0.9941690962099126,0.9941690962099126,0.956989247311828,0.0058309037900874635,0.956268221574344,0.007703045570826411
ItalyPowerDemand,1,gap,0.2,0.05,clean_split_cp,43,24,240,1029,2,0.847424684159378,0.9689018464528668,0.9689018464528668,0.8746238716148446,0.031098153547133137,0.8639455782312925,0.08115641667728168
ItalyPowerDemand,1,gap,0.2,0.05,aug_split_cp,43,24,240,1029,2,0.8036929057337221,0.9057337220602527,0.9057337220602527,0.8873390557939914,0.09426627793974733,0.8639455782312925,0.08115641667728168
ItalyPowerDemand,1,gap,0.2,0.05,label_smooth_aug_cp,43,24,240,1029,2,0.8036929057337221,0.9057337220602527,0.9057337220602527,0.8873390557939914,0.09426627793974733,0.8639455782312925,0.08115641667728168
ItalyPowerDemand,1,gap,0.2,0.05,confidence_weighted_cp,43,24,240,1029,2,0.8717201166180758,1.06511175898931,0.8765792031098154,0.8869179600886918,0.029154518950437316,0.8639455782312925,0.08115641667728168
ItalyPowerDemand,1,gap,0.2,0.05,fast_cp,43,24,240,1029,2,0.8726919339164237,1.0165208940719144,0.9776482021379981,0.8727634194831014,0.0029154518950437317,0.8639455782312925,0.08115641667728168
ItalyPowerDemand,1,gap,0.2,0.05,fast_cp_mixed,43,24,240,1029,2,0.858114674441205,0.9883381924198251,0.9883381924198251,0.8682399213372665,0.011661807580174927,0.8639455782312925,0.08115641667728168
ItalyPowerDemand,1,noise,0.05,0.05,clean_split_cp,43,24,240,1029,2,0.9582118561710399,0.9844509232264335,0.9844509232264335,0.9733464955577492,0.015549076773566569,0.9650145772594753,0.013073301320663108
ItalyPowerDemand,1,noise,0.05,0.05,aug_split_cp,43,24,240,1029,2,0.9378036929057337,0.9620991253644315,0.9620991253644315,0.9747474747474747,0.037900874635568516,0.9650145772594753,0.013073301320663108
ItalyPowerDemand,1,noise,0.05,0.05,label_smooth_aug_cp,43,24,240,1029,2,0.9378036929057337,0.9620991253644315,0.9620991253644315,0.9747474747474747,0.037900874635568516,0.9650145772594753,0.013073301320663108
ItalyPowerDemand,1,noise,0.05,0.05,confidence_weighted_cp,43,24,240,1029,2,0.966958211856171,1.055393586005831,0.9212827988338192,0.9767932489451476,0.011661807580174927,0.9650145772594753,0.013073301320663108
ItalyPowerDemand,1,noise,0.05,0.05,fast_cp,43,24,240,1029,2,0.9630709426627794,1.000971817298348,0.9795918367346939,0.9722222222222222,0.009718172983479106,0.9650145772594753,0.013073301320663108
ItalyPowerDemand,1,noise,0.05,0.05,fast_cp_mixed,43,24,240,1029,2,0.9630709426627794,0.9961127308066083,0.9961127308066083,0.9668292682926829,0.003887269193391642,0.9650145772594753,0.013073301320663108
ItalyPowerDemand,1,noise,0.1,0.05,clean_split_cp,43,24,240,1029,2,0.9543245869776482,0.9825072886297376,0.9825072886297376,0.9713155291790306,0.01749271137026239,0.9650145772594753,0.01121469704413797
ItalyPowerDemand,1,noise,0.1,0.05,aug_split_cp,43,24,240,1029,2,0.9300291545189504,0.9523809523809523,0.9523809523809523,0.976530612244898,0.047619047619047616,0.9650145772594753,0.01121469704413797
ItalyPowerDemand,1,noise,0.1,0.05,label_smooth_aug_cp,43,24,240,1029,2,0.9300291545189504,0.9523809523809523,0.9523809523809523,0.976530612244898,0.047619047619047616,0.9650145772594753,0.01121469704413797
ItalyPowerDemand,1,noise,0.1,0.05,confidence_weighted_cp,43,24,240,1029,2,0.9640427599611273,1.0447035957240038,0.9339164237123421,0.9729448491155047,0.010689990281827016,0.9650145772594753,0.01121469704413797
ItalyPowerDemand,1,noise,0.1,0.05,fast_cp,43,24,240,1029,2,0.9630709426627794,1.0058309037900874,0.9805636540330418,0.9692765113974232,0.006802721088435374,0.9650145772594753,0.01121469704413797
ItalyPowerDemand,1,noise,0.1,0.05,fast_cp_mixed,43,24,240,1029,2,0.9630709426627794,0.9961127308066083,0.9961127308066083,0.9668292682926829,0.003887269193391642,0.9650145772594753,0.01121469704413797
ItalyPowerDemand,1,noise,0.2,0.05,clean_split_cp,43,24,240,1029,2,0.9310009718172984,0.967930029154519,0.967930029154519,0.9618473895582329,0.03206997084548105,0.9484936831875608,0.008047059780125132
ItalyPowerDemand,1,noise,0.2,0.05,aug_split_cp,43,24,240,1029,2,0.9047619047619048,0.9310009718172984,0.9310009718172984,0.9718162839248434,0.06899902818270165,0.9484936831875608,0.008047059780125132
ItalyPowerDemand,1,noise,0.2,0.05,label_smooth_aug_cp,43,24,240,1029,2,0.9047619047619048,0.9310009718172984,0.9310009718172984,0.9718162839248434,0.06899902818270165,0.9484936831875608,0.008047059780125132
ItalyPowerDemand,1,noise,0.2,0.05,confidence_weighted_cp,43,24,240,1029,2,0.9465500485908649,1.0602526724975705,0.8931000971817298,0.9662676822633297,0.023323615160349854,0.9484936831875608,0.008047059780125132
ItalyPowerDemand,1,noise,0.2,0.05,fast_cp,43,24,240,1029,2,0.9426627793974732,0.9970845481049563,0.9640427599611273,0.9606854838709677,0.019436345966958212,0.9484936831875608,0.008047059780125132
ItalyPowerDemand,1,noise,0.2,0.05,fast_cp_mixed,43,24,240,1029,2,0.9416909620991254,0.9834791059280855,0.9834791059280855,0.9575098814229249,0.01652089407191448,0.9484936831875608,0.008047059780125132
ItalyPowerDemand,1,drift,0.1,0.05,clean_split_cp,43,24,240,1029,2,0.9582118561710399,0.9844509232264335,0.9844509232264335,0.9733464955577492,0.015549076773566569,0.967930029154519,0.011491348884684598
ItalyPowerDemand,1,drift,0.1,0.05,aug_split_cp,43,24,240,1029,2,0.9329446064139941,0.956268221574344,0.956268221574344,0.975609756097561,0.043731778425655975,0.967930029154519,0.011491348884684598
ItalyPowerDemand,1,drift,0.1,0.05,label_smooth_aug_cp,43,24,240,1029,2,0.9329446064139941,0.956268221574344,0.956268221574344,0.975609756097561,0.043731778425655975,0.967930029154519,0.011491348884684598
ItalyPowerDemand,1,drift,0.1,0.05,confidence_weighted_cp,43,24,240,1029,2,0.967930029154519,1.0515063168124392,0.9290573372206026,0.9759414225941423,0.009718172983479106,0.967930029154519,0.011491348884684598
ItalyPowerDemand,1,drift,0.1,0.05,fast_cp,43,24,240,1029,2,0.9659863945578231,1.0058309037900874,0.9766763848396501,0.9741293532338309,0.008746355685131196,0.967930029154519,0.011491348884684598
ItalyPowerDemand,1,drift,0.1,0.05,fast_cp_mixed,43,24,240,1029,2,0.9630709426627794,0.9931972789115646,0.9931972789115646,0.9696673189823874,0.006802721088435374,0.967930029154519,0.011491348884684598
ItalyPowerDemand,1,drift,0.2,0.05,clean_split_cp,43,24,240,1029,2,0.9552964042759962,0.9825072886297376,0.9825072886297376,0.9723046488625123,0.01749271137026239,0.967930029154519,0.016227738650555754
ItalyPowerDemand,1,drift,0.2,0.05,aug_split_cp,43,24,240,1029,2,0.924198250728863,0.9465500485908649,0.9465500485908649,0.9763860369609856,0.05344995140913508,0.967930029154519,0.016227738650555754
ItalyPowerDemand,1,drift,0.2,0.05,label_smooth_aug_cp,43,24,240,1029,2,0.924198250728863,0.9465500485908649,0.9465500485908649,0.9763860369609856,0.05344995140913508,0.967930029154519,0.016227738650555754
ItalyPowerDemand,1,drift,0.2,0.05,confidence_weighted_cp,43,24,240,1029,2,0.9650145772594753,1.054421768707483,0.9164237123420796,0.9777306468716861,0.014577259475218658,0.967930029154519,0.016227738650555754
ItalyPowerDemand,1,drift,0.2,0.05,fast_cp,43,24,240,1029,2,0.9620991253644315,1.0038872691933916,0.9747327502429544,0.9720837487537388,0.010689990281827016,0.967930029154519,0.016227738650555754
ItalyPowerDemand,1,drift,0.2,0.05,fast_cp_mixed,43,24,240,1029,2,0.9630709426627794,0.9951409135082604,0.9951409135082604,0.9677734375,0.004859086491739553,0.967930029154519,0.016227738650555754
ItalyPowerDemand,1,drift,0.4,0.05,clean_split_cp,43,24,240,1029,2,0.9455782312925171,0.9776482021379981,0.9776482021379981,0.967196819085487,0.022351797862001945,0.9582118561710399,0.019807519483704614
ItalyPowerDemand,1,drift,0.4,0.05,aug_split_cp,43,24,240,1029,2,0.8979591836734694,0.923226433430515,0.923226433430515,0.9726315789473684,0.07677356656948493,0.9582118561710399,0.019807519483704614
ItalyPowerDemand,1,drift,0.4,0.05,label_smooth_aug_cp,43,24,240,1029,2,0.8979591836734694,0.923226433430515,0.923226433430515,0.9726315789473684,0.07677356656948493,0.9582118561710399,0.019807519483704614
ItalyPowerDemand,1,drift,0.4,0.05,confidence_weighted_cp,43,24,240,1029,2,0.9504373177842566,1.0563654033041787,0.8950437317784257,0.9717698154180239,0.024295432458697766,0.9582118561710399,0.019807519483704614
ItalyPowerDemand,1,drift,0.4,0.05,fast_cp,43,24,240,1029,2,0.9591836734693877,1.0068027210884354,0.9757045675413022,0.9671314741035857,0.008746355685131196,0.9582118561710399,0.019807519483704614
ItalyPowerDemand,1,drift,0.4,0.05,fast_cp_mixed,43,24,240,1029,2,0.9523809523809523,0.9883381924198251,0.9883381924198251,0.9636184857423795,0.011661807580174927,0.9582118561710399,0.019807519483704614
ItalyPowerDemand,2,gap,0.05,0.05,clean_split_cp,43,24,240,1029,2,0.9222546161321672,0.9446064139941691,0.9446064139941691,0.9763374485596708,0.05539358600583091,0.9582118561710399,0.013165375817883282
ItalyPowerDemand,2,gap,0.05,0.05,aug_split_cp,43,24,240,1029,2,0.9047619047619048,0.9261418853255587,0.9261418853255587,0.9769150052465897,0.0738581146744412,0.9582118561710399,0.013165375817883282
ItalyPowerDemand,2,gap,0.05,0.05,label_smooth_aug_cp,43,24,240,1029,2,0.9047619047619048,0.9261418853255587,0.9261418853255587,0.9769150052465897,0.0738581146744412,0.9582118561710399,0.013165375817883282
ItalyPowerDemand,2,gap,0.05,0.05,confidence_weighted_cp,43,24,240,1029,2,0.9319727891156463,0.9795918367346939,0.9407191448007775,0.9700413223140496,0.03984450923226433,0.9582118561710399,0.013165375817883282
ItalyPowerDemand,2,gap,0.05,0.05,fast_cp,43,24,240,1029,2,0.9484936831875608,0.9825072886297376,0.9825072886297376,0.9653808110781404,0.01749271137026239,0.9582118561710399,0.013165375817883282
ItalyPowerDemand,2,gap,0.05,0.05,fast_cp_mixed,43,24,240,1029,2,0.9300291545189504,0.9572400388726919,0.9572400388726919,0.9715736040609138,0.042759961127308066,0.9582118561710399,0.013165375817883282
ItalyPowerDemand,2,gap,0.1,0.05,clean_split_cp,43,24,240,1029,2,0.9173955296404276,0.9416909620991254,0.9416909620991254,0.9742002063983488,0.05830903790087463,0.9582118561710399,0.010570616320466932
ItalyPowerDemand,2,gap,0.1,0.05,aug_split_cp,43,24,240,1029,2,0.8969873663751214,0.9164237123420796,0.9164237123420796,0.9787910922587487,0.08357628765792031,0.9582118561710399,0.010570616320466932
ItalyPowerDemand,2,gap,0.1,0.05,label_smooth_aug_cp,43,24,240,1029,2,0.8969873663751214,0.9164237123420796,0.9164237123420796,0.9787910922587487,0.08357628765792031,0.9582118561710399,0.010570616320466932
ItalyPowerDemand,2,gap,0.1,0.05,confidence_weighted_cp,43,24,240,1029,2,0.9251700680272109,0.9718172983479106,0.9290573372206026,0.9728033472803347,0.04956268221574344,0.9582118561710399,0.010570616320466932
ItalyPowerDemand,2,gap,0.1,0.05,fast_cp,43,24,240,1029,2,0.9426627793974732,0.9718172983479106,0.9718172983479106,0.97,0.028182701652089408,0.9582118561710399,0.010570616320466932
ItalyPowerDemand,2,gap,0.1,0.05,fast_cp_mixed,43,24,240,1029,2,0.9300291545189504,0.956268221574344,0.956268221574344,0.9725609756097561,0.043731778425655975,0.9582118561710399,0.010570616320466932
ItalyPowerDemand,2,gap,0.2,0.05,clean_split_cp,43,24,240,1029,2,0.8104956268221575,0.8746355685131195,0.8746355685131195,0.9266666666666666,0.12536443148688048,0.8872691933916423,0.05961970066311991
ItalyPowerDemand,2,gap,0.2,0.05,aug_split_cp,43,24,240,1029,2,0.7803692905733722,0.8386783284742468,0.8386783284742468,0.9304750869061413,0.16132167152575316,0.8872691933916423,0.05961970066311991
ItalyPowerDemand,2,gap,0.2,0.05,label_smooth_aug_cp,43,24,240,1029,2,0.7803692905733722,0.8386783284742468,0.8386783284742468,0.9304750869061413,0.16132167152575316,0.8872691933916423,0.05961970066311991
ItalyPowerDemand,2,gap,0.2,0.05,confidence_weighted_cp,43,24,240,1029,2,0.8386783284742468,0.9358600583090378,0.8833819241982507,0.9196919691969196,0.09037900874635568,0.8872691933916423,0.05961970066311991
ItalyPowerDemand,2,gap,0.2,0.05,fast_cp,43,24,240,1029,2,0.891156462585034,1.0272108843537415,0.9047619047619048,0.9172932330827067,0.034013605442176874,0.8872691933916423,0.05961970066311991
ItalyPowerDemand,2,gap,0.2,0.05,fast_cp_mixed,43,24,240,1029,2,0.8717201166180758,0.967930029154519,0.9659863945578231,0.9014084507042254,0.03304178814382896,0.8872691933916423,0.05961970066311991
ItalyPowerDemand,2,noise,0.05,0.05,clean_split_cp,43,24,240,1029,2,0.9261418853255587,0.9475218658892128,0.9475218658892128,0.9774358974358974,0.052478134110787174,0.9620991253644315,0.011827945409761042
ItalyPowerDemand,2,noise,0.05,0.05,aug_split_cp,43,24,240,1029,2,0.901846452866861,0.9183673469387755,0.9183673469387755,0.982010582010582,0.08163265306122448,0.9620991253644315,0.011827945409761042
ItalyPowerDemand,2,noise,0.05,0.05,label_smooth_aug_cp,43,24,240,1029,2,0.901846452866861,0.9183673469387755,0.9183673469387755,0.982010582010582,0.08163265306122448,0.9620991253644315,0.011827945409761042
ItalyPowerDemand,2,noise,0.05,0.05,confidence_weighted_cp,43,24,240,1029,2,0.9339164237123421,0.9747327502429544,0.9436345966958212,0.9732234809474768,0.04081632653061224,0.9620991253644315,0.011827945409761042
ItalyPowerDemand,2,noise,0.05,0.05,fast_cp,43,24,240,1029,2,0.9533527696793003,0.9825072886297376,0.9825072886297376,0.9703264094955489,0.01749271137026239,0.9620991253644315,0.011827945409761042
ItalyPowerDemand,2,noise,0.05,0.05,fast_cp_mixed,43,24,240,1029,2,0.9358600583090378,0.9620991253644315,0.9620991253644315,0.9727272727272728,0.037900874635568516,0.9620991253644315,0.011827945409761042
ItalyPowerDemand,2,noise,0.1,0.05,clean_split_cp,43,24,240,1029,2,0.902818270165209,0.9222546161321672,0.9222546161321672,0.9789251844046365,0.07774538386783285,0.956268221574344,0.01728131047019648
ItalyPowerDemand,2,noise,0.1,0.05,aug_split_cp,43,24,240,1029,2,0.8843537414965986,0.8999028182701652,0.8999028182701652,0.9827213822894169,0.1000971817298348,0.956268221574344,0.01728131047019648
ItalyPowerDemand,2,noise,0.1,0.05,label_smooth_aug_cp,43,24,240,1029,2,0.8843537414965986,0.8999028182701652,0.8999028182701652,0.9827213822894169,0.1000971817298348,0.956268221574344,0.01728131047019648
ItalyPowerDemand,2,noise,0.1,0.05,confidence_weighted_cp,43,24,240,1029,2,0.9222546161321672,0.967930029154519,0.9251700680272109,0.9737394957983193,0.05344995140913508,0.956268221574344,0.01728131047019648
ItalyPowerDemand,2,noise,0.1,0.05,fast_cp,43,24,240,1029,2,0.9465500485908649,0.9757045675413022,0.9757045675413022,0.9701195219123506,0.024295432458697766,0.956268221574344,0.01728131047019648
ItalyPowerDemand,2,noise,0.1,0.05,fast_cp_mixed,43,24,240,1029,2,0.9212827988338192,0.9455782312925171,0.9455782312925171,0.9743062692702981,0.05442176870748299,0.956268221574344,0.01728131047019648
ItalyPowerDemand,2,noise,0.2,0.05,clean_split_cp,43,24,240,1029,2,0.8785228377065112,0.9076773566569485,0.9076773566569485,0.9678800856531049,0.0923226433430515,0.9446064139941691,0.01606698712310757
ItalyPowerDemand,2,noise,0.2,0.05,aug_split_cp,43,24,240,1029,2,0.8532555879494655,0.8785228377065112,0.8785228377065112,0.9712389380530974,0.12147716229348883,0.9446064139941691,0.01606698712310757
ItalyPowerDemand,2,noise,0.2,0.05,label_smooth_aug_cp,43,24,240,1029,2,0.8532555879494655,0.8785228377065112,0.8785228377065112,0.9712389380530974,0.12147716229348883,0.9446064139941691,0.01606698712310757
ItalyPowerDemand,2,noise,0.2,0.05,confidence_weighted_cp,43,24,240,1029,2,0.9037900874635568,0.9552964042759962,0.924198250728863,0.961093585699264,0.06025267249757046,0.9446064139941691,0.01606698712310757
ItalyPowerDemand,2,noise,0.2,0.05,fast_cp,43,24,240,1029,2,0.9212827988338192,0.9601554907677357,0.9601554907677357,0.9595141700404858,0.03984450923226433,0.9446064139941691,0.01606698712310757
ItalyPowerDemand,2,noise,0.2,0.05,fast_cp_mixed,43,24,240,1029,2,0.8843537414965986,0.9164237123420796,0.9164237123420796,0.9650053022269353,0.08357628765792031,0.9446064139941691,0.01606698712310757
ItalyPowerDemand,2,drift,0.1,0.05,clean_split_cp,43,24,240,1029,2,0.9271137026239067,0.9465500485908649,0.9465500485908649,0.9794661190965093,0.05344995140913508,0.9611273080660836,0.011664105702623025
ItalyPowerDemand,2,drift,0.1,0.05,aug_split_cp,43,24,240,1029,2,0.9096209912536443,0.9280855199222546,0.9280855199222546,0.9801047120418848,0.07191448007774538,0.9611273080660836,0.011664105702623025
ItalyPowerDemand,2,drift,0.1,0.05,label_smooth_aug_cp,43,24,240,1029,2,0.9096209912536443,0.9280855199222546,0.9280855199222546,0.9801047120418848,0.07191448007774538,0.9611273080660836,0.011664105702623025
ItalyPowerDemand,2,drift,0.1,0.05,confidence_weighted_cp,43,24,240,1029,2,0.9339164237123421,0.9766763848396501,0.9397473275024295,0.9741468459152016,0.04178814382896016,0.9611273080660836,0.011664105702623025
ItalyPowerDemand,2,drift,0.1,0.05,fast_cp,43,24,240,1029,2,0.9484936831875608,0.9786200194363459,0.9786200194363459,0.9692154915590864,0.021379980563654033,0.9611273080660836,0.011664105702623025
ItalyPowerDemand,2,drift,0.1,0.05,fast_cp_mixed,43,24,240,1029,2,0.9387755102040817,0.9601554907677357,0.9601554907677357,0.9777327935222672,0.03984450923226433,0.9611273080660836,0.011664105702623025
ItalyPowerDemand,2,drift,0.2,0.05,clean_split_cp,43,24,240,1029,2,0.924198250728863,0.9436345966958212,0.9436345966958212,0.9794026776519053,0.056365403304178816,0.9611273080660836,0.01514956603595274
ItalyPowerDemand,2,drift,0.2,0.05,aug_split_cp,43,24,240,1029,2,0.9057337220602527,0.924198250728863,0.924198250728863,0.9800210304942166,0.07580174927113703,0.9611273080660836,0.01514956603595274
ItalyPowerDemand,2,drift,0.2,0.05,label_smooth_aug_cp,43,24,240,1029,2,0.9057337220602527,0.924198250728863,0.924198250728863,0.9800210304942166,0.07580174927113703,0.9611273080660836,0.01514956603595274
ItalyPowerDemand,2,drift,0.2,0.05,confidence_weighted_cp,43,24,240,1029,2,0.9329446064139941,0.9737609329446064,0.93488824101069,0.9771309771309772,0.0456754130223518,0.9611273080660836,0.01514956603595274
ItalyPowerDemand,2,drift,0.2,0.05,fast_cp,43,24,240,1029,2,0.9446064139941691,0.9718172983479106,0.9718172983479106,0.972,0.028182701652089408,0.9611273080660836,0.01514956603595274
ItalyPowerDemand,2,drift,0.2,0.05,fast_cp_mixed,43,24,240,1029,2,0.9300291545189504,0.9494655004859086,0.9494655004859086,0.9795291709314228,0.05053449951409135,0.9611273080660836,0.01514956603595274
ItalyPowerDemand,2,drift,0.4,0.05,clean_split_cp,43,24,240,1029,2,0.8999028182701652,0.9212827988338192,0.9212827988338192,0.9767932489451476,0.07871720116618076,0.9523809523809523,0.01654965679432288
ItalyPowerDemand,2,drift,0.4,0.05,aug_split_cp,43,24,240,1029,2,0.8765792031098154,0.8950437317784257,0.8950437317784257,0.9793702497285559,0.10495626822157435,0.9523809523809523,0.01654965679432288
ItalyPowerDemand,2,drift,0.4,0.05,label_smooth_aug_cp,43,24,240,1029,2,0.8765792031098154,0.8950437317784257,0.8950437317784257,0.9793702497285559,0.10495626822157435,0.9523809523809523,0.01654965679432288
ItalyPowerDemand,2,drift,0.4,0.05,confidence_weighted_cp,43,24,240,1029,2,0.9067055393586005,0.9504373177842566,0.9096209912536443,0.9743589743589743,0.06997084548104957,0.9523809523809523,0.01654965679432288
ItalyPowerDemand,2,drift,0.4,0.05,fast_cp,43,24,240,1029,2,0.9300291545189504,0.956268221574344,0.956268221574344,0.9725609756097561,0.043731778425655975,0.9523809523809523,0.01654965679432288
ItalyPowerDemand,2,drift,0.4,0.05,fast_cp_mixed,43,24,240,1029,2,0.9135082604470359,0.93488824101069,0.93488824101069,0.9771309771309772,0.06511175898931001,0.9523809523809523,0.01654965679432288
TwoLeadECG,0,gap,0.05,0.05,clean_split_cp,14,9,90,1139,2,0.8050921861281826,0.810359964881475,0.810359964881475,0.9934994582881906,0.18964003511852504,0.9701492537313433,0.053527406912641025
TwoLeadECG,0,gap,0.05,0.05,aug_split_cp,14,9,90,1139,2,0.9833187006145742,1.042142230026339,0.9578577699736611,0.9825847846012832,0.0,0.9701492537313433,0.053527406912641025
TwoLeadECG,0,gap,0.05,0.05,label_smooth_aug_cp,14,9,90,1139,2,0.9833187006145742,1.042142230026339,0.9578577699736611,0.9825847846012832,0.0,0.9701492537313433,0.053527406912641025
TwoLeadECG,0,gap,0.05,0.05,confidence_weighted_cp,14,9,90,1139,2,0.990342405618964,1.1510096575943811,0.848990342405619,0.9886246122026887,0.0,0.9701492537313433,0.053527406912641025
TwoLeadECG,0,gap,0.05,0.05,fast_cp,14,9,90,1139,2,0.9780509218612818,1.0210711150131695,0.9789288849868305,0.9775784753363229,0.0,0.9701492537313433,0.053527406912641025
TwoLeadECG,0,gap,0.05,0.05,fast_cp_mixed,14,9,90,1139,2,0.9798068481123793,1.0263388937664617,0.9736611062335382,0.9792605951307484,0.0,0.9701492537313433,0.053527406912641025
TwoLeadECG,0,gap,0.1,0.05,clean_split_cp,14,9,90,1139,2,0.7664618086040387,0.7866549604916594,0.7866549604916594,0.9743303571428571,0.21334503950834066,0.9297629499561019,0.023819600006490013
TwoLeadECG,0,gap,0.1,0.05,aug_split_cp,14,9,90,1139,2,0.9534679543459175,1.051799824407375,0.9482001755926251,0.950925925925926,0.0,0.9297629499561019,0.023819600006490013
TwoLeadECG,0,gap,0.1,0.05,label_smooth_aug_cp,14,9,90,1139,2,0.9534679543459175,1.051799824407375,0.9482001755926251,0.950925925925926,0.0,0.9297629499561019,0.023819600006490013
TwoLeadECG,0,gap,0.1,0.05,confidence_weighted_cp,14,9,90,1139,2,0.9666374012291484,1.1457418788410887,0.8542581211589113,0.9609455292908531,0.0,0.9297629499561019,0.023819600006490013
TwoLeadECG,0,gap,0.1,0.05,fast_cp,14,9,90,1139,2,0.9438103599648815,1.0280948200175593,0.9719051799824407,0.9421860885275519,0.0,0.9297629499561019,0.023819600006490013
TwoLeadECG,0,gap,0.1,0.05,fast_cp_mixed,14,9,90,1139,2,0.9473222124670764,1.0342405618964003,0.9657594381035997,0.9454545454545454,0.0,0.9297629499561019,0.023819600006490013
TwoLeadECG,0,gap,0.2,0.05,clean_split_cp,14,9,90,1139,2,0.6224758560140474,0.7374890254609306,0.7374890254609306,0.844047619047619,0.26251097453906935,0.7848990342405618,0.11088019581149908
TwoLeadECG,0,gap,0.2,0.05,aug_split_cp,14,9,90,1139,2,0.8208955223880597,1.0702370500438982,0.9297629499561019,0.8073654390934845,0.0,0.7848990342405618,0.11088019581149908
TwoLeadECG,0,gap,0.2,0.05,label_smooth_aug_cp,14,9,90,1139,2,0.8208955223880597,1.0702370500438982,0.9297629499561019,0.8073654390934845,0.0,0.7848990342405618,0.11088019581149908
TwoLeadECG,0,gap,0.2,0.05,confidence_weighted_cp,14,9,90,1139,2,0.8604038630377524,1.1922739244951712,0.8077260755048288,0.8271739130434783,0.0,0.7848990342405618,0.11088019581149908
TwoLeadECG,0,gap,0.2,0.05,fast_cp,14,9,90,1139,2,0.8094820017559262,1.0465320456540825,0.9534679543459175,0.8001841620626151,0.0,0.7848990342405618,0.11088019581149908
TwoLeadECG,0,gap,0.2,0.05,fast_cp_mixed,14,9,90,1139,2,0.8138718173836699,1.0526777875329236,0.9473222124670764,0.8035217794253939,0.0,0.7848990342405618,0.11088019581149908
TwoLeadECG,0,noise,0.05,0.05,clean_split_cp,14,9,90,1139,2,0.8226514486391572,0.8235294117647058,0.8235294117647058,0.9989339019189766,0.17647058823529413,0.9692712906057945,0.059605622696996326
TwoLeadECG,0,noise,0.05,0.05,aug_split_cp,14,9,90,1139,2,0.9868305531167691,1.0368744512730466,0.9631255487269534,0.9863263445761167,0.0,0.9692712906057945,0.059605622696996326
TwoLeadECG,0,noise,0.05,0.05,label_smooth_aug_cp,14,9,90,1139,2,0.9868305531167691,1.0368744512730466,0.9631255487269534,0.9863263445761167,0.0,0.9692712906057945,0.059605622696996326
TwoLeadECG,0,noise,0.05,0.05,confidence_weighted_cp,14,9,90,1139,2,0.9938542581211589,1.1422300263388938,0.8577699736611062,0.9928352098259979,0.0,0.9692712906057945,0.059605622696996326
TwoLeadECG,0,noise,0.05,0.05,fast_cp,14,9,90,1139,2,0.9833187006145742,1.0245829675153644,0.9754170324846356,0.9828982898289829,0.0,0.9692712906057945,0.059605622696996326
TwoLeadECG,0,noise,0.05,0.05,fast_cp_mixed,14,9,90,1139,2,0.9833187006145742,1.025460930640913,0.974539069359087,0.9828828828828828,0.0,0.9692712906057945,0.059605622696996326
TwoLeadECG,0,noise,0.1,0.05,clean_split_cp,14,9,90,1139,2,0.7910447761194029,0.7945566286215979,0.7945566286215979,0.9955801104972376,0.2054433713784021,0.9727831431079894,0.06621255007718788
TwoLeadECG,0,noise,0.1,0.05,aug_split_cp,14,9,90,1139,2,0.9833187006145742,1.04126426690079,0.9587357330992098,0.9826007326007326,0.0,0.9727831431079894,0.06621255007718788
TwoLeadECG,0,noise,0.1,0.05,label_smooth_aug_cp,14,9,90,1139,2,0.9833187006145742,1.04126426690079,0.9587357330992098,0.9826007326007326,0.0,0.9727831431079894,0.06621255007718788
TwoLeadECG,0,noise,0.1,0.05,confidence_weighted_cp,14,9,90,1139,2,0.9938542581211589,1.1571553994732222,0.8428446005267779,0.9927083333333333,0.0,0.9727831431079894,0.06621255007718788
TwoLeadECG,0,noise,0.1,0.05,fast_cp,14,9,90,1139,2,0.9780509218612818,1.0219490781387182,0.9780509218612818,0.9775583482944344,0.0,0.9727831431079894,0.06621255007718788
TwoLeadECG,0,noise,0.1,0.05,fast_cp_mixed,14,9,90,1139,2,0.9798068481123793,1.028972783143108,0.971027216856892,0.9792043399638336,0.0,0.9727831431079894,0.06621255007718788
TwoLeadECG,0,noise,0.2,0.05,clean_split_cp,14,9,90,1139,2,0.6935908691834943,0.7050043898156277,0.7050043898156277,0.9838107098381071,0.29499561018437226,0.9297629499561019,0.05075813710472411
TwoLeadECG,0,noise,0.2,0.05,aug_split_cp,14,9,90,1139,2,0.9596136962247586,1.0755048287971904,0.9244951712028094,0.956315289648623,0.0,0.9297629499561019,0.05075813710472411
TwoLeadECG,0,noise,0.2,0.05,label_smooth_aug_cp,14,9,90,1139,2,0.9596136962247586,1.0755048287971904,0.9244951712028094,0.956315289648623,0.0,0.9297629499561019,0.05075813710472411
TwoLeadECG,0,noise,0.2,0.05,confidence_weighted_cp,14,9,90,1139,2,0.9762949956101844,1.2265144863915716,0.7734855136084284,0.9693530079455165,0.0,0.9297629499561019,0.05075813710472411
TwoLeadECG,0,noise,0.2,0.05,fast_cp,14,9,90,1139,2,0.9596136962247586,1.0755048287971904,0.9244951712028094,0.956315289648623,0.0,0.9297629499561019,0.05075813710472411
TwoLeadECG,0,noise,0.2,0.05,fast_cp_mixed,14,9,90,1139,2,0.9596136962247586,1.0755048287971904,0.9244951712028094,0.956315289648623,0.0,0.9297629499561019,0.05075813710472411
TwoLeadECG,0,drift,0.1,0.05,clean_split_cp,14,9,90,1139,2,0.8165057067603161,0.8173836698858647,0.8173836698858647,0.9989258861439313,0.1826163301141352,0.9701492537313433,0.05213767810691727
TwoLeadECG,0,drift,0.1,0.05,aug_split_cp,14,9,90,1139,2,0.9868305531167691,1.0456540825285339,0.9543459174714662,0.9862005519779209,0.0,0.9701492537313433,0.05213767810691727
TwoLeadECG,0,drift,0.1,0.05,label_smooth_aug_cp,14,9,90,1139,2,0.9868305531167691,1.0456540825285339,0.9543459174714662,0.9862005519779209,0.0,0.9701492537313433,0.05213767810691727
TwoLeadECG,0,drift,0.1,0.05,confidence_weighted_cp,14,9,90,1139,2,0.9920983318700615,1.1395961369622476,0.8604038630377524,0.9908163265306122,0.0,0.9701492537313433,0.05213767810691727
TwoLeadECG,0,drift,0.1,0.05,fast_cp,14,9,90,1139,2,0.9789288849868305,1.0237050043898157,0.9762949956101844,0.9784172661870504,0.0,0.9701492537313433,0.05213767810691727
TwoLeadECG,0,drift,0.1,0.05,fast_cp_mixed,14,9,90,1139,2,0.9833187006145742,1.0316066725197541,0.9683933274802459,0.9827742520398912,0.0,0.9701492537313433,0.05213767810691727
TwoLeadECG,0,drift,0.2,0.05,clean_split_cp,14,9,90,1139,2,0.7848990342405618,0.7866549604916594,0.7866549604916594,0.9977678571428571,0.21334503950834066,0.9429323968393327,0.03540964709585236
TwoLeadECG,0,drift,0.2,0.05,aug_split_cp,14,9,90,1139,2,0.9701492537313433,1.0544337137840212,0.9455662862159789,0.968430826369545,0.0,0.9429323968393327,0.03540964709585236
TwoLeadECG,0,drift,0.2,0.05,label_smooth_aug_cp,14,9,90,1139,2,0.9701492537313433,1.0544337137840212,0.9455662862159789,0.968430826369545,0.0,0.9429323968393327,0.03540964709585236
TwoLeadECG,0,drift,0.2,0.05,confidence_weighted_cp,14,9,90,1139,2,0.9877085162423178,1.1624231782265144,0.8375768217734855,0.9853249475890985,0.0,0.9429323968393327,0.03540964709585236
TwoLeadECG,0,drift,0.2,0.05,fast_cp,14,9,90,1139,2,0.9587357330992098,1.0298507462686568,0.9701492537313433,0.9574660633484163,0.0,0.9429323968393327,0.03540964709585236
TwoLeadECG,0,drift,0.2,0.05,fast_cp_mixed,14,9,90,1139,2,0.961369622475856,1.0368744512730466,0.9631255487269534,0.959890610756609,0.0,0.9429323968393327,0.03540964709585236
TwoLeadECG,0,drift,0.4,0.05,clean_split_cp,14,9,90,1139,2,0.704126426690079,0.7383669885864794,0.7383669885864794,0.9536266349583828,0.26163301141352063,0.8718173836698858,0.03329482556137017
TwoLeadECG,0,drift,0.4,0.05,aug_split_cp,14,9,90,1139,2,0.9113257243195786,1.0921861281826164,0.9078138718173837,0.902321083172147,0.0,0.8718173836698858,0.03329482556137017
TwoLeadECG,0,drift,0.4,0.05,label_smooth_aug_cp,14,9,90,1139,2,0.9113257243195786,1.0921861281826164,0.9078138718173837,0.902321083172147,0.0,0.8718173836698858,0.03329482556137017
TwoLeadECG,0,drift,0.4,0.05,confidence_weighted_cp,14,9,90,1139,2,0.9490781387181738,1.2194907813871818,0.7805092186128183,0.9347581552305961,0.0,0.8718173836698858,0.03329482556137017
TwoLeadECG,0,drift,0.4,0.05,fast_cp,14,9,90,1139,2,0.8981562774363476,1.0553116769095698,0.9446883230904302,0.8921933085501859,0.0,0.8718173836698858,0.03329482556137017
TwoLeadECG,0,drift,0.4,0.05,fast_cp_mixed,14,9,90,1139,2,0.9016681299385426,1.0640913081650571,0.935908691834943,0.8949343339587242,0.0,0.8718173836698858,0.03329482556137017
TwoLeadECG,1,gap,0.05,0.05,clean_split_cp,14,9,90,1139,2,0.932396839332748,0.9666374012291484,0.9666374012291484,0.9645776566757494,0.033362598770851626,0.9534679543459175,0.029269717139302605
TwoLeadECG,1,gap,0.05,0.05,aug_split_cp,14,9,90,1139,2,0.9701492537313433,1.0474100087796312,0.9525899912203687,0.9686635944700461,0.0,0.9534679543459175,0.029269717139302605
TwoLeadECG,1,gap,0.05,0.05,label_smooth_aug_cp,14,9,90,1139,2,0.9701492537313433,1.0474100087796312,0.9525899912203687,0.9686635944700461,0.0,0.9534679543459175,0.029269717139302605
TwoLeadECG,1,gap,0.05,0.05,confidence_weighted_cp,14,9,90,1139,2,0.9736611062335382,1.128182616330114,0.8718173836698858,0.9697885196374623,0.0,0.9534679543459175,0.029269717139302605
TwoLeadECG,1,gap,0.05,0.05,fast_cp,14,9,90,1139,2,0.9622475856014048,1.0210711150131695,0.9789288849868305,0.9614349775784753,0.0,0.9534679543459175,0.029269717139302605
TwoLeadECG,1,gap,0.05,0.05,fast_cp_mixed,14,9,90,1139,2,0.9648814749780509,1.028972783143108,0.971027216856892,0.9638336347197106,0.0,0.9534679543459175,0.029269717139302605
TwoLeadECG,1,gap,0.1,0.05,clean_split_cp,14,9,90,1139,2,0.8867427568042142,0.9587357330992098,0.9587357330992098,0.924908424908425,0.041264266900790166,0.9148375768217735,0.030898079519166437
TwoLeadECG,1,gap,0.1,0.05,aug_split_cp,14,9,90,1139,2,0.9315188762071993,1.050921861281826,0.9490781387181738,0.9278445883441259,0.0,0.9148375768217735,0.030898079519166437
TwoLeadECG,1,gap,0.1,0.05,label_smooth_aug_cp,14,9,90,1139,2,0.9315188762071993,1.050921861281826,0.9490781387181738,0.9278445883441259,0.0,0.9148375768217735,0.030898079519166437
TwoLeadECG,1,gap,0.1,0.05,confidence_weighted_cp,14,9,90,1139,2,0.9482001755926251,1.1325724319578578,0.8674275680421423,0.9402834008097166,0.0,0.9148375768217735,0.030898079519166437
TwoLeadECG,1,gap,0.1,0.05,fast_cp,14,9,90,1139,2,0.9236172080772608,1.0307287093942055,0.9692712906057945,0.9211956521739131,0.0,0.9148375768217735,0.030898079519166437
TwoLeadECG,1,gap,0.1,0.05,fast_cp_mixed,14,9,90,1139,2,0.9253731343283582,1.035996488147498,0.9640035118525022,0.9225865209471766,0.0,0.9148375768217735,0.030898079519166437
TwoLeadECG,1,gap,0.2,0.05,clean_split_cp,14,9,90,1139,2,0.7787532923617209,0.9666374012291484,0.9666374012291484,0.8056312443233424,0.033362598770851626,0.7901668129938543,0.15612340054104024
TwoLeadECG,1,gap,0.2,0.05,aug_split_cp,14,9,90,1139,2,0.8165057067603161,1.0544337137840212,0.9455662862159789,0.8059424326833797,0.0,0.7901668129938543,0.15612340054104024
TwoLeadECG,1,gap,0.2,0.05,label_smooth_aug_cp,14,9,90,1139,2,0.8165057067603161,1.0544337137840212,0.9455662862159789,0.8059424326833797,0.0,0.7901668129938543,0.15612340054104024
TwoLeadECG,1,gap,0.2,0.05,confidence_weighted_cp,14,9,90,1139,2,0.8208955223880597,1.1176470588235294,0.8823529411764706,0.7970149253731343,0.0,0.7901668129938543,0.15612340054104024
TwoLeadECG,1,gap,0.2,0.05,fast_cp,14,9,90,1139,2,0.8068481123792801,1.025460930640913,0.974539069359087,0.8018018018018018,0.0,0.7901668129938543,0.15612340054104024
TwoLeadECG,1,gap,0.2,0.05,fast_cp_mixed,14,9,90,1139,2,0.8112379280070237,1.0324846356453028,0.9675153643546971,0.8049001814882033,0.0,0.7901668129938543,0.15612340054104024
TwoLeadECG,1,noise,0.05,0.05,clean_split_cp,14,9,90,1139,2,0.9534679543459175,0.9736611062335382,0.9736611062335382,0.9792605951307484,0.02633889376646181,0.9701492537313433,0.0390797424626186
TwoLeadECG,1,noise,0.05,0.05,aug_split_cp,14,9,90,1139,2,0.9833187006145742,1.0465320456540825,0.9534679543459175,0.9825046040515654,0.0,0.9701492537313433,0.0390797424626186
TwoLeadECG,1,noise,0.05,0.05,label_smooth_aug_cp,14,9,90,1139,2,0.9833187006145742,1.0465320456540825,0.9534679543459175,0.9825046040515654,0.0,0.9701492537313433,0.0390797424626186
TwoLeadECG,1,noise,0.05,0.05,confidence_weighted_cp,14,9,90,1139,2,0.9850746268656716,1.1273046532045654,0.8726953467954346,0.9828973843058351,0.0,0.9701492537313433,0.0390797424626186
TwoLeadECG,1,noise,0.05,0.05,fast_cp,14,9,90,1139,2,0.9762949956101844,1.0166812993854257,0.9833187006145742,0.9758928571428571,0.0,0.9701492537313433,0.0390797424626186
TwoLeadECG,1,noise,0.05,0.05,fast_cp_mixed,14,9,90,1139,2,0.9780509218612818,1.0228270412642668,0.9771729587357331,0.977538185085355,0.0,0.9701492537313433,0.0390797424626186
TwoLeadECG,1,noise,0.1,0.05,clean_split_cp,14,9,90,1139,2,0.9209833187006146,0.9376646180860404,0.9376646180860404,0.9822097378277154,0.06233538191395961,0.9561018437225637,0.048967532405067744
TwoLeadECG,1,noise,0.1,0.05,aug_split_cp,14,9,90,1139,2,0.9833187006145742,1.0746268656716418,0.9253731343283582,0.9819734345351043,0.0,0.9561018437225637,0.048967532405067744
TwoLeadECG,1,noise,0.1,0.05,label_smooth_aug_cp,14,9,90,1139,2,0.9833187006145742,1.0746268656716418,0.9253731343283582,0.9819734345351043,0.0,0.9561018437225637,0.048967532405067744
TwoLeadECG,1,noise,0.1,0.05,confidence_weighted_cp,14,9,90,1139,2,0.9850746268656716,1.154521510096576,0.845478489903424,0.9823468328141225,0.0,0.9561018437225637,0.048967532405067744
TwoLeadECG,1,noise,0.1,0.05,fast_cp,14,9,90,1139,2,0.9798068481123793,1.050921861281826,0.9490781387181738,0.9787234042553191,0.0,0.9561018437225637,0.048967532405067744
TwoLeadECG,1,noise,0.1,0.05,fast_cp_mixed,14,9,90,1139,2,0.9815627743634767,1.0597014925373134,0.9402985074626866,0.9803921568627451,0.0,0.9561018437225637,0.048967532405067744
TwoLeadECG,1,noise,0.2,0.05,clean_split_cp,14,9,90,1139,2,0.8533801580333626,0.9209833187006146,0.9209833187006146,0.9265967588179218,0.07901668129938542,0.9051799824407375,0.023368402597585797
TwoLeadECG,1,noise,0.2,0.05,aug_split_cp,14,9,90,1139,2,0.9446883230904302,1.1044776119402986,0.8955223880597015,0.9382352941176471,0.0,0.9051799824407375,0.023368402597585797
TwoLeadECG,1,noise,0.2,0.05,label_smooth_aug_cp,14,9,90,1139,2,0.9446883230904302,1.1044776119402986,0.8955223880597015,0.9382352941176471,0.0,0.9051799824407375,0.023368402597585797
TwoLeadECG,1,noise,0.2,0.05,confidence_weighted_cp,14,9,90,1139,2,0.9508340649692713,1.2001755926251096,0.7998244073748902,0.9385290889132821,0.0,0.9051799824407375,0.023368402597585797
TwoLeadECG,1,noise,0.2,0.05,fast_cp,14,9,90,1139,2,0.9341527655838455,1.0702370500438982,0.9297629499561019,0.9291784702549575,0.0,0.9051799824407375,0.023368402597585797
TwoLeadECG,1,noise,0.2,0.05,fast_cp_mixed,14,9,90,1139,2,0.9376646180860404,1.0798946444249342,0.9201053555750659,0.9322519083969466,0.0,0.9051799824407375,0.023368402597585797
TwoLeadECG,1,drift,0.1,0.05,clean_split_cp,14,9,90,1139,2,0.9438103599648815,0.9657594381035997,0.9657594381035997,0.9772727272727273,0.03424056189640035,0.9657594381035997,0.03340148004147271
TwoLeadECG,1,drift,0.1,0.05,aug_split_cp,14,9,90,1139,2,0.9833187006145742,1.0465320456540825,0.9534679543459175,0.9825046040515654,0.0,0.9657594381035997,0.03340148004147271
TwoLeadECG,1,drift,0.1,0.05,label_smooth_aug_cp,14,9,90,1139,2,0.9833187006145742,1.0465320456540825,0.9534679543459175,0.9825046040515654,0.0,0.9657594381035997,0.03340148004147271
TwoLeadECG,1,drift,0.1,0.05,confidence_weighted_cp,14,9,90,1139,2,0.9868305531167691,1.1158911325724319,0.884108867427568,0.9851042701092354,0.0,0.9657594381035997,0.03340148004147271
TwoLeadECG,1,drift,0.1,0.05,fast_cp,14,9,90,1139,2,0.9727831431079894,1.0166812993854257,0.9833187006145742,0.9723214285714286,0.0,0.9657594381035997,0.03340148004147271
TwoLeadECG,1,drift,0.1,0.05,fast_cp_mixed,14,9,90,1139,2,0.974539069359087,1.0245829675153644,0.9754170324846356,0.9738973897389739,0.0,0.9657594381035997,0.03340148004147271
TwoLeadECG,1,drift,0.2,0.05,clean_split_cp,14,9,90,1139,2,0.9271290605794557,0.9525899912203687,0.9525899912203687,0.9732718894009217,0.04741000877963126,0.9587357330992098,0.033714408014116355
TwoLeadECG,1,drift,0.2,0.05,aug_split_cp,14,9,90,1139,2,0.9789288849868305,1.0632133450395083,0.9367866549604916,0.9775070290534208,0.0,0.9587357330992098,0.033714408014116355
TwoLeadECG,1,drift,0.2,0.05,label_smooth_aug_cp,14,9,90,1139,2,0.9789288849868305,1.0632133450395083,0.9367866549604916,0.9775070290534208,0.0,0.9587357330992098,0.033714408014116355
TwoLeadECG,1,drift,0.2,0.05,confidence_weighted_cp,14,9,90,1139,2,0.9868305531167691,1.1229148375768219,0.8770851624231782,0.984984984984985,0.0,0.9587357330992098,0.033714408014116355
TwoLeadECG,1,drift,0.2,0.05,fast_cp,14,9,90,1139,2,0.9727831431079894,1.0298507462686568,0.9701492537313433,0.971945701357466,0.0,0.9587357330992098,0.033714408014116355
TwoLeadECG,1,drift,0.2,0.05,fast_cp_mixed,14,9,90,1139,2,0.974539069359087,1.0403863037752414,0.9596136962247586,0.9734675205855444,0.0,0.9587357330992098,0.033714408014116355
TwoLeadECG,1,drift,0.4,0.05,clean_split_cp,14,9,90,1139,2,0.845478489903424,0.9113257243195786,0.9113257243195786,0.9277456647398844,0.08867427568042142,0.8920105355575065,0.015781756536371764
TwoLeadECG,1,drift,0.4,0.05,aug_split_cp,14,9,90,1139,2,0.9525899912203687,1.1246707638279192,0.8753292361720808,0.9458375125376128,0.0,0.8920105355575065,0.015781756536371764
TwoLeadECG,1,drift,0.4,0.05,label_smooth_aug_cp,14,9,90,1139,2,0.9525899912203687,1.1246707638279192,0.8753292361720808,0.9458375125376128,0.0,0.8920105355575065,0.015781756536371764
TwoLeadECG,1,drift,0.4,0.05,confidence_weighted_cp,14,9,90,1139,2,0.961369622475856,1.1843722563652326,0.8156277436347673,0.9526372443487621,0.0,0.8920105355575065,0.015781756536371764
TwoLeadECG,1,drift,0.4,0.05,fast_cp,14,9,90,1139,2,0.9165935030728709,1.0500438981562774,0.9499561018437226,0.9121996303142329,0.0,0.8920105355575065,0.015781756536371764
TwoLeadECG,1,drift,0.4,0.05,fast_cp_mixed,14,9,90,1139,2,0.9253731343283582,1.0702370500438982,0.9297629499561019,0.9197355996222851,0.0,0.8920105355575065,0.015781756536371764
TwoLeadECG,2,gap,0.05,0.05,clean_split_cp,14,9,90,1139,2,0.9429323968393327,0.9692712906057945,0.9692712906057945,0.9728260869565217,0.030728709394205442,0.9631255487269534,0.04566624814893913
TwoLeadECG,2,gap,0.05,0.05,aug_split_cp,14,9,90,1139,2,0.9920983318700615,1.154521510096576,0.845478489903424,0.9906542056074766,0.0,0.9631255487269534,0.04566624814893913
TwoLeadECG,2,gap,0.05,0.05,label_smooth_aug_cp,14,9,90,1139,2,0.9920983318700615,1.154521510096576,0.845478489903424,0.9906542056074766,0.0,0.9631255487269534,0.04566624814893913
TwoLeadECG,2,gap,0.05,0.05,confidence_weighted_cp,14,9,90,1139,2,0.9815627743634767,1.1194029850746268,0.8805970149253731,0.9790628115653041,0.0,0.9631255487269534,0.04566624814893913
TwoLeadECG,2,gap,0.05,0.05,fast_cp,14,9,90,1139,2,0.9841966637401229,1.077260755048288,0.922739244951712,0.9828734538534729,0.0,0.9631255487269534,0.04566624814893913
TwoLeadECG,2,gap,0.05,0.05,fast_cp_mixed,14,9,90,1139,2,0.9885864793678666,1.0948200175592626,0.9051799824407375,0.9873908826382153,0.0,0.9631255487269534,0.04566624814893913
TwoLeadECG,2,gap,0.1,0.05,clean_split_cp,14,9,90,1139,2,0.9165935030728709,0.9604916593503073,0.9604916593503073,0.9542961608775137,0.03950834064969271,0.9411764705882353,0.031062058233272155
TwoLeadECG,2,gap,0.1,0.05,aug_split_cp,14,9,90,1139,2,0.9798068481123793,1.1773485513608428,0.8226514486391572,0.9754535752401281,0.0,0.9411764705882353,0.031062058233272155
TwoLeadECG,2,gap,0.1,0.05,label_smooth_aug_cp,14,9,90,1139,2,0.9798068481123793,1.1773485513608428,0.8226514486391572,0.9754535752401281,0.0,0.9411764705882353,0.031062058233272155
TwoLeadECG,2,gap,0.1,0.05,confidence_weighted_cp,14,9,90,1139,2,0.9675153643546971,1.1264266900790167,0.8735733099209834,0.9628140703517588,0.0,0.9411764705882353,0.031062058233272155
TwoLeadECG,2,gap,0.1,0.05,fast_cp,14,9,90,1139,2,0.9675153643546971,1.0807726075504829,0.9192273924495171,0.9646609360076409,0.0,0.9411764705882353,0.031062058233272155
TwoLeadECG,2,gap,0.1,0.05,fast_cp_mixed,14,9,90,1139,2,0.971027216856892,1.1035996488147497,0.8964003511852502,0.9676787463271302,0.0,0.9411764705882353,0.031062058233272155
TwoLeadECG,2,gap,0.2,0.05,clean_split_cp,14,9,90,1139,2,0.7980684811237928,0.9376646180860404,0.9376646180860404,0.851123595505618,0.06233538191395961,0.835820895522388,0.07930125666224366
TwoLeadECG,2,gap,0.2,0.05,aug_split_cp,14,9,90,1139,2,0.9069359086918349,1.215100965759438,0.7848990342405618,0.8814317673378076,0.0,0.835820895522388,0.07930125666224366
TwoLeadECG,2,gap,0.2,0.05,label_smooth_aug_cp,14,9,90,1139,2,0.9069359086918349,1.215100965759438,0.7848990342405618,0.8814317673378076,0.0,0.835820895522388,0.07930125666224366
TwoLeadECG,2,gap,0.2,0.05,confidence_weighted_cp,14,9,90,1139,2,0.884108867427568,1.1527655838454784,0.8472344161545216,0.8632124352331606,0.0,0.835820895522388,0.07930125666224366
TwoLeadECG,2,gap,0.2,0.05,fast_cp,14,9,90,1139,2,0.8762071992976295,1.1053555750658473,0.8946444249341527,0.8616290480863592,0.0,0.835820895522388,0.07930125666224366
TwoLeadECG,2,gap,0.2,0.05,fast_cp_mixed,14,9,90,1139,2,0.8832309043020193,1.1325724319578578,0.8674275680421423,0.8653846153846154,0.0,0.835820895522388,0.07930125666224366
TwoLeadECG,2,noise,0.05,0.05,clean_split_cp,14,9,90,1139,2,0.9341527655838455,0.9596136962247586,0.9596136962247586,0.9734675205855444,0.04038630377524144,0.9561018437225637,0.044447014134250534
TwoLeadECG,2,noise,0.05,0.05,aug_split_cp,14,9,90,1139,2,0.9956101843722563,1.1650570676031606,0.8349429323968394,0.9947423764458465,0.0,0.9561018437225637,0.044447014134250534
TwoLeadECG,2,noise,0.05,0.05,label_smooth_aug_cp,14,9,90,1139,2,0.9956101843722563,1.1650570676031606,0.8349429323968394,0.9947423764458465,0.0,0.9561018437225637,0.044447014134250534
TwoLeadECG,2,noise,0.05,0.05,confidence_weighted_cp,14,9,90,1139,2,0.9833187006145742,1.112379280070237,0.887620719929763,0.9812067260138477,0.0,0.9561018437225637,0.044447014134250534
TwoLeadECG,2,noise,0.05,0.05,fast_cp,14,9,90,1139,2,0.9920983318700615,1.0886742756804215,0.9113257243195786,0.9913294797687862,0.0,0.9561018437225637,0.044447014134250534
TwoLeadECG,2,noise,0.05,0.05,fast_cp_mixed,14,9,90,1139,2,0.9938542581211589,1.1115013169446883,0.8884986830553117,0.9930830039525692,0.0,0.9561018437225637,0.044447014134250534
TwoLeadECG,2,noise,0.1,0.05,clean_split_cp,14,9,90,1139,2,0.9157155399473222,0.9604916593503073,0.9604916593503073,0.953382084095064,0.03950834064969271,0.9402985074626866,0.04590982838566072
TwoLeadECG,2,noise,0.1,0.05,aug_split_cp,14,9,90,1139,2,0.9859525899912204,1.2098331870061458,0.7901668129938543,0.9822222222222222,0.0,0.9402985074626866,0.04590982838566072
TwoLeadECG,2,noise,0.1,0.05,label_smooth_aug_cp,14,9,90,1139,2,0.9859525899912204,1.2098331870061458,0.7901668129938543,0.9822222222222222,0.0,0.9402985074626866,0.04590982838566072
TwoLeadECG,2,noise,0.1,0.05,confidence_weighted_cp,14,9,90,1139,2,0.974539069359087,1.1580333625987709,0.8419666374012291,0.9697601668404588,0.0,0.9402985074626866,0.04590982838566072
TwoLeadECG,2,noise,0.1,0.05,fast_cp,14,9,90,1139,2,0.9780509218612818,1.106233538191396,0.8937664618086041,0.9754420432220039,0.0,0.9402985074626866,0.04590982838566072
TwoLeadECG,2,noise,0.1,0.05,fast_cp_mixed,14,9,90,1139,2,0.9806848112379281,1.1299385425812116,0.8700614574187884,0.9778002018163471,0.0,0.9402985074626866,0.04590982838566072
TwoLeadECG,2,noise,0.2,0.05,clean_split_cp,14,9,90,1139,2,0.810359964881475,0.9183494293239683,0.9183494293239683,0.8824091778202677,0.08165057067603161,0.8498683055311677,0.029971248042865467
TwoLeadECG,2,noise,0.2,0.05,aug_split_cp,14,9,90,1139,2,0.9596136962247586,1.2906057945566287,0.7093942054433714,0.943069306930693,0.0,0.8498683055311677,0.029971248042865467
TwoLeadECG,2,noise,0.2,0.05,label_smooth_aug_cp,14,9,90,1139,2,0.9596136962247586,1.2906057945566287,0.7093942054433714,0.943069306930693,0.0,0.8498683055311677,0.029971248042865467
TwoLeadECG,2,noise,0.2,0.05,confidence_weighted_cp,14,9,90,1139,2,0.932396839332748,1.2080772607550483,0.7919227392449517,0.9146341463414634,0.0,0.8498683055311677,0.029971248042865467
TwoLeadECG,2,noise,0.2,0.05,fast_cp,14,9,90,1139,2,0.9482001755926251,1.2238805970149254,0.7761194029850746,0.9332579185520362,0.0,0.8498683055311677,0.029971248042865467
TwoLeadECG,2,noise,0.2,0.05,fast_cp_mixed,14,9,90,1139,2,0.9525899912203687,1.2414398595259,0.7585601404741001,0.9375,0.0,0.8498683055311677,0.029971248042865467
TwoLeadECG,2,drift,0.1,0.05,clean_split_cp,14,9,90,1139,2,0.9499561018437226,0.9692712906057945,0.9692712906057945,0.980072463768116,0.030728709394205442,0.9736611062335382,0.05228235290976793
TwoLeadECG,2,drift,0.1,0.05,aug_split_cp,14,9,90,1139,2,0.9973661106233538,1.1518876207199298,0.8481123792800702,0.9968944099378882,0.0,0.9736611062335382,0.05228235290976793
TwoLeadECG,2,drift,0.1,0.05,label_smooth_aug_cp,14,9,90,1139,2,0.9973661106233538,1.1518876207199298,0.8481123792800702,0.9968944099378882,0.0,0.9736611062335382,0.05228235290976793
TwoLeadECG,2,drift,0.1,0.05,confidence_weighted_cp,14,9,90,1139,2,0.9894644424934153,1.112379280070237,0.887620719929763,0.9881305637982196,0.0,0.9736611062335382,0.05228235290976793
TwoLeadECG,2,drift,0.1,0.05,fast_cp,14,9,90,1139,2,0.9912203687445127,1.0755048287971904,0.9244951712028094,0.9905033238366572,0.0,0.9736611062335382,0.05228235290976793
TwoLeadECG,2,drift,0.1,0.05,fast_cp_mixed,14,9,90,1139,2,0.9938542581211589,1.0939420544337137,0.9060579455662863,0.9932170542635659,0.0,0.9736611062335382,0.05228235290976793
TwoLeadECG,2,drift,0.2,0.05,clean_split_cp,14,9,90,1139,2,0.9464442493415277,0.9754170324846356,0.9754170324846356,0.9702970297029703,0.024582967515364356,0.9596136962247586,0.040476812164182155
TwoLeadECG,2,drift,0.2,0.05,aug_split_cp,14,9,90,1139,2,0.9947322212467077,1.1431079894644425,0.8568920105355575,0.9938524590163934,0.0,0.9596136962247586,0.040476812164182155
TwoLeadECG,2,drift,0.2,0.05,label_smooth_aug_cp,14,9,90,1139,2,0.9947322212467077,1.1431079894644425,0.8568920105355575,0.9938524590163934,0.0,0.9596136962247586,0.040476812164182155
TwoLeadECG,2,drift,0.2,0.05,confidence_weighted_cp,14,9,90,1139,2,0.9885864793678666,1.1176470588235294,0.8823529411764706,0.9870646766169154,0.0,0.9596136962247586,0.040476812164182155
TwoLeadECG,2,drift,0.2,0.05,fast_cp,14,9,90,1139,2,0.9833187006145742,1.0693590869183494,0.9306409130816505,0.9820754716981132,0.0,0.9596136962247586,0.040476812164182155
TwoLeadECG,2,drift,0.2,0.05,fast_cp_mixed,14,9,90,1139,2,0.9877085162423178,1.0877963125548726,0.9122036874451273,0.9865255052935515,0.0,0.9596136962247586,0.040476812164182155
TwoLeadECG,2,drift,0.4,0.05,clean_split_cp,14,9,90,1139,2,0.8884986830553117,0.9499561018437226,0.9499561018437226,0.9353049907578558,0.05004389815627744,0.9218612818261633,0.038090507371470725
TwoLeadECG,2,drift,0.4,0.05,aug_split_cp,14,9,90,1139,2,0.9868305531167691,1.2001755926251096,0.7998244073748902,0.9835345773874863,0.0,0.9218612818261633,0.038090507371470725
TwoLeadECG,2,drift,0.4,0.05,label_smooth_aug_cp,14,9,90,1139,2,0.9868305531167691,1.2001755926251096,0.7998244073748902,0.9835345773874863,0.0,0.9218612818261633,0.038090507371470725
TwoLeadECG,2,drift,0.4,0.05,confidence_weighted_cp,14,9,90,1139,2,0.961369622475856,1.1343283582089552,0.8656716417910447,0.9553752535496958,0.0,0.9218612818261633,0.038090507371470725
TwoLeadECG,2,drift,0.4,0.05,fast_cp,14,9,90,1139,2,0.9499561018437226,1.0851624231782264,0.9148375768217735,0.9452975047984645,0.0,0.9218612818261633,0.038090507371470725
TwoLeadECG,2,drift,0.4,0.05,fast_cp_mixed,14,9,90,1139,2,0.9640035118525022,1.1194029850746268,0.8805970149253731,0.959122632103689,0.0,0.9218612818261633,0.038090507371470725
Coffee,0,gap,0.05,0.05,clean_split_cp,18,10,100,28,2,0.9285714285714286,0.9285714285714286,0.9285714285714286,1.0,0.07142857142857142,1.0,0.026871293454093864
Coffee,0,gap,0.05,0.05,aug_split_cp,18,10,100,28,2,1.0,1.4642857142857142,0.5357142857142857,1.0,0.0,1.0,0.026871293454093864
Coffee,0,gap,0.05,0.05,label_smooth_aug_cp,18,10,100,28,2,1.0,1.4642857142857142,0.5357142857142857,1.0,0.0,1.0,0.026871293454093864
Coffee,0,gap,0.05,0.05,confidence_weighted_cp,18,10,100,28,2,1.0,1.3214285714285714,0.6785714285714286,1.0,0.0,1.0,0.026871293454093864
Coffee,0,gap,0.05,0.05,fast_cp,18,10,100,28,2,1.0,1.0357142857142858,0.9642857142857143,1.0,0.0,1.0,0.026871293454093864
Coffee,0,gap,0.05,0.05,fast_cp_mixed,18,10,100,28,2,1.0,1.0357142857142858,0.9642857142857143,1.0,0.0,1.0,0.026871293454093864
Coffee,0,gap,0.1,0.05,clean_split_cp,18,10,100,28,2,0.8571428571428571,0.8571428571428571,0.8571428571428571,1.0,0.14285714285714285,0.9642857142857143,0.05079849842698926
Coffee,0,gap,0.1,0.05,aug_split_cp,18,10,100,28,2,1.0,1.4642857142857142,0.5357142857142857,1.0,0.0,0.9642857142857143,0.05079849842698926
Coffee,0,gap,0.1,0.05,label_smooth_aug_cp,18,10,100,28,2,1.0,1.4642857142857142,0.5357142857142857,1.0,0.0,0.9642857142857143,0.05079849842698926
Coffee,0,gap,0.1,0.05,confidence_weighted_cp,18,10,100,28,2,1.0,1.2142857142857142,0.7857142857142857,1.0,0.0,0.9642857142857143,0.05079849842698926
Coffee,0,gap,0.1,0.05,fast_cp,18,10,100,28,2,1.0,1.0714285714285714,0.9285714285714286,1.0,0.0,0.9642857142857143,0.05079849842698926
Coffee,0,gap,0.1,0.05,fast_cp_mixed,18,10,100,28,2,1.0,1.0714285714285714,0.9285714285714286,1.0,0.0,0.9642857142857143,0.05079849842698926
Coffee,0,gap,0.2,0.05,clean_split_cp,18,10,100,28,2,0.75,0.7857142857142857,0.7857142857142857,0.9545454545454546,0.21428571428571427,0.8928571428571429,0.10800501449955986
Coffee,0,gap,0.2,0.05,aug_split_cp,18,10,100,28,2,0.9642857142857143,1.4642857142857142,0.5357142857142857,0.9333333333333333,0.0,0.8928571428571429,0.10800501449955986
Coffee,0,gap,0.2,0.05,label_smooth_aug_cp,18,10,100,28,2,0.9642857142857143,1.4642857142857142,0.5357142857142857,0.9333333333333333,0.0,0.8928571428571429,0.10800501449955986
Coffee,0,gap,0.2,0.05,confidence_weighted_cp,18,10,100,28,2,0.9285714285714286,1.25,0.75,0.9047619047619048,0.0,0.8928571428571429,0.10800501449955986
Coffee,0,gap,0.2,0.05,fast_cp,18,10,100,28,2,1.0,1.2142857142857142,0.7857142857142857,1.0,0.0,0.8928571428571429,0.10800501449955986
Coffee,0,gap,0.2,0.05,fast_cp_mixed,18,10,100,28,2,1.0,1.2142857142857142,0.7857142857142857,1.0,0.0,0.8928571428571429,0.10800501449955986
Coffee,0,noise,0.05,0.05,clean_split_cp,18,10,100,28,2,0.9285714285714286,0.9285714285714286,0.9285714285714286,1.0,0.07142857142857142,1.0,0.022027049669241683
Coffee,0,noise,0.05,0.05,aug_split_cp,18,10,100,28,2,1.0,1.5357142857142858,0.4642857142857143,1.0,0.0,1.0,0.022027049669241683
Coffee,0,noise,0.05,0.05,label_smooth_aug_cp,18,10,100,28,2,1.0,1.5357142857142858,0.4642857142857143,1.0,0.0,1.0,0.022027049669241683
Coffee,0,noise,0.05,0.05,confidence_weighted_cp,18,10,100,28,2,0.9642857142857143,1.25,0.6785714285714286,1.0,0.03571428571428571,1.0,0.022027049669241683
Coffee,0,noise,0.05,0.05,fast_cp,18,10,100,28,2,1.0,1.0,1.0,1.0,0.0,1.0,0.022027049669241683
Coffee,0,noise,0.05,0.05,fast_cp_mixed,18,10,100,28,2,1.0,1.0,1.0,1.0,0.0,1.0,0.022027049669241683
Coffee,0,noise,0.1,0.05,clean_split_cp,18,10,100,28,2,0.6785714285714286,0.6785714285714286,0.6785714285714286,1.0,0.32142857142857145,0.9642857142857143,0.09542399258546476
Coffee,0,noise,0.1,0.05,aug_split_cp,18,10,100,28,2,1.0,1.5,0.5,1.0,0.0,0.9642857142857143,0.09542399258546476
Coffee,0,noise,0.1,0.05,label_smooth_aug_cp,18,10,100,28,2,1.0,1.5,0.5,1.0,0.0,0.9642857142857143,0.09542399258546476
Coffee,0,noise,0.1,0.05,confidence_weighted_cp,18,10,100,28,2,0.9285714285714286,1.25,0.6071428571428571,1.0,0.07142857142857142,0.9642857142857143,0.09542399258546476
Coffee,0,noise,0.1,0.05,fast_cp,18,10,100,28,2,1.0,1.1071428571428572,0.8928571428571429,1.0,0.0,0.9642857142857143,0.09542399258546476
Coffee,0,noise,0.1,0.05,fast_cp_mixed,18,10,100,28,2,1.0,1.1428571428571428,0.8571428571428571,1.0,0.0,0.9642857142857143,0.09542399258546476
Coffee,0,noise,0.2,0.05,clean_split_cp,18,10,100,28,2,0.4642857142857143,0.6071428571428571,0.6071428571428571,0.7647058823529411,0.39285714285714285,0.5357142857142857,0.3936213409610306
Coffee,0,noise,0.2,0.05,aug_split_cp,18,10,100,28,2,0.9285714285714286,1.4642857142857142,0.5357142857142857,0.8666666666666667,0.0,0.5357142857142857,0.3936213409610306
Coffee,0,noise,0.2,0.05,label_smooth_aug_cp,18,10,100,28,2,0.9285714285714286,1.4642857142857142,0.5357142857142857,0.8666666666666667,0.0,0.5357142857142857,0.3936213409610306
Coffee,0,noise,0.2,0.05,confidence_weighted_cp,18,10,100,28,2,0.7857142857142857,1.2142857142857142,0.7142857142857143,0.75,0.03571428571428571,0.5357142857142857,0.3936213409610306
Coffee,0,noise,0.2,0.05,fast_cp,18,10,100,28,2,0.9285714285714286,1.4642857142857142,0.5357142857142857,0.8666666666666667,0.0,0.5357142857142857,0.3936213409610306
Coffee,0,noise,0.2,0.05,fast_cp_mixed,18,10,100,28,2,0.9285714285714286,1.4642857142857142,0.5357142857142857,0.8666666666666667,0.0,0.5357142857142857,0.3936213409610306
Coffee,0,drift,0.1,0.05,clean_split_cp,18,10,100,28,2,0.9642857142857143,0.9642857142857143,0.9642857142857143,1.0,0.03571428571428571,1.0,0.02167712419988762
Coffee,0,drift,0.1,0.05,aug_split_cp,18,10,100,28,2,1.0,1.6071428571428572,0.39285714285714285,1.0,0.0,1.0,0.02167712419988762
Coffee,0,drift,0.1,0.05,label_smooth_aug_cp,18,10,100,28,2,1.0,1.6071428571428572,0.39285714285714285,1.0,0.0,1.0,0.02167712419988762
Coffee,0,drift,0.1,0.05,confidence_weighted_cp,18,10,100,28,2,1.0,1.4285714285714286,0.5714285714285714,1.0,0.0,1.0,0.02167712419988762
Coffee,0,drift,0.1,0.05,fast_cp,18,10,100,28,2,1.0,1.0,1.0,1.0,0.0,1.0,0.02167712419988762
Coffee,0,drift,0.1,0.05,fast_cp_mixed,18,10,100,28,2,1.0,1.0,1.0,1.0,0.0,1.0,0.02167712419988762
Coffee,0,drift,0.2,0.05,clean_split_cp,18,10,100,28,2,0.8928571428571429,0.8928571428571429,0.8928571428571429,1.0,0.10714285714285714,1.0,0.026974583215916725
Coffee,0,drift,0.2,0.05,aug_split_cp,18,10,100,28,2,1.0,1.6071428571428572,0.39285714285714285,1.0,0.0,1.0,0.026974583215916725
Coffee,0,drift,0.2,0.05,label_smooth_aug_cp,18,10,100,28,2,1.0,1.6071428571428572,0.39285714285714285,1.0,0.0,1.0,0.026974583215916725
Coffee,0,drift,0.2,0.05,confidence_weighted_cp,18,10,100,28,2,0.9642857142857143,1.25,0.6785714285714286,1.0,0.03571428571428571,1.0,0.026974583215916725
Coffee,0,drift,0.2,0.05,fast_cp,18,10,100,28,2,1.0,1.0,1.0,1.0,0.0,1.0,0.026974583215916725
Coffee,0,drift,0.2,0.05,fast_cp_mixed,18,10,100,28,2,1.0,1.0,1.0,1.0,0.0,1.0,0.026974583215916725
Coffee,0,drift,0.4,0.05,clean_split_cp,18,10,100,28,2,0.6785714285714286,0.7142857142857143,0.7142857142857143,0.95,0.2857142857142857,0.75,0.1633023853603568
Coffee,0,drift,0.4,0.05,aug_split_cp,18,10,100,28,2,1.0,1.4285714285714286,0.5714285714285714,1.0,0.0,0.75,0.1633023853603568
Coffee,0,drift,0.4,0.05,label_smooth_aug_cp,18,10,100,28,2,1.0,1.4285714285714286,0.5714285714285714,1.0,0.0,0.75,0.1633023853603568
Coffee,0,drift,0.4,0.05,confidence_weighted_cp,18,10,100,28,2,0.7857142857142857,1.0714285714285714,0.7857142857142857,0.8181818181818182,0.07142857142857142,0.75,0.1633023853603568
Coffee,0,drift,0.4,0.05,fast_cp,18,10,100,28,2,0.8214285714285714,1.0714285714285714,0.9285714285714286,0.8076923076923077,0.0,0.75,0.1633023853603568
Coffee,0,drift,0.4,0.05,fast_cp_mixed,18,10,100,28,2,0.9642857142857143,1.25,0.75,0.9523809523809523,0.0,0.75,0.1633023853603568
Coffee,1,gap,0.05,0.05,clean_split_cp,18,10,100,28,2,0.9642857142857143,0.9642857142857143,0.9642857142857143,1.0,0.03571428571428571,1.0,0.03435131231717281
Coffee,1,gap,0.05,0.05,aug_split_cp,18,10,100,28,2,1.0,1.25,0.75,1.0,0.0,1.0,0.03435131231717281
Coffee,1,gap,0.05,0.05,label_smooth_aug_cp,18,10,100,28,2,1.0,1.25,0.75,1.0,0.0,1.0,0.03435131231717281
Coffee,1,gap,0.05,0.05,confidence_weighted_cp,18,10,100,28,2,1.0,1.25,0.75,1.0,0.0,1.0,0.03435131231717281
Coffee,1,gap,0.05,0.05,fast_cp,18,10,100,28,2,1.0,1.0714285714285714,0.9285714285714286,1.0,0.0,1.0,0.03435131231717281
Coffee,1,gap,0.05,0.05,fast_cp_mixed,18,10,100,28,2,1.0,1.1071428571428572,0.8928571428571429,1.0,0.0,1.0,0.03435131231717281
Coffee,1,gap,0.1,0.05,clean_split_cp,18,10,100,28,2,0.8214285714285714,0.8928571428571429,0.8928571428571429,0.92,0.10714285714285714,0.8928571428571429,0.09995668570450625
Coffee,1,gap,0.1,0.05,aug_split_cp,18,10,100,28,2,0.9285714285714286,1.3214285714285714,0.6785714285714286,0.8947368421052632,0.0,0.8928571428571429,0.09995668570450625
Coffee,1,gap,0.1,0.05,label_smooth_aug_cp,18,10,100,28,2,0.9285714285714286,1.3214285714285714,0.6785714285714286,0.8947368421052632,0.0,0.8928571428571429,0.09995668570450625
Coffee,1,gap,0.1,0.05,confidence_weighted_cp,18,10,100,28,2,0.9285714285714286,1.3214285714285714,0.6785714285714286,0.8947368421052632,0.0,0.8928571428571429,0.09995668570450625
Coffee,1,gap,0.1,0.05,fast_cp,18,10,100,28,2,0.9285714285714286,1.1785714285714286,0.8214285714285714,0.9130434782608695,0.0,0.8928571428571429,0.09995668570450625
Coffee,1,gap,0.1,0.05,fast_cp_mixed,18,10,100,28,2,0.9285714285714286,1.2142857142857142,0.7857142857142857,0.9090909090909091,0.0,0.8928571428571429,0.09995668570450625
Coffee,1,gap,0.2,0.05,clean_split_cp,18,10,100,28,2,0.6428571428571429,0.8571428571428571,0.8571428571428571,0.75,0.14285714285714285,0.7857142857142857,0.26590099042418713
Coffee,1,gap,0.2,0.05,aug_split_cp,18,10,100,28,2,0.8214285714285714,1.1785714285714286,0.8214285714285714,0.782608695652174,0.0,0.7857142857142857,0.26590099042418713
Coffee,1,gap,0.2,0.05,label_smooth_aug_cp,18,10,100,28,2,0.8214285714285714,1.1785714285714286,0.8214285714285714,0.782608695652174,0.0,0.7857142857142857,0.26590099042418713
Coffee,1,gap,0.2,0.05,confidence_weighted_cp,18,10,100,28,2,0.8214285714285714,1.1785714285714286,0.8214285714285714,0.782608695652174,0.0,0.7857142857142857,0.26590099042418713
Coffee,1,gap,0.2,0.05,fast_cp,18,10,100,28,2,0.8214285714285714,1.2142857142857142,0.7857142857142857,0.7727272727272727,0.0,0.7857142857142857,0.26590099042418713
Coffee,1,gap,0.2,0.05,fast_cp_mixed,18,10,100,28,2,0.8214285714285714,1.1785714285714286,0.8214285714285714,0.782608695652174,0.0,0.7857142857142857,0.26590099042418713
Coffee,1,noise,0.05,0.05,clean_split_cp,18,10,100,28,2,0.9642857142857143,0.9642857142857143,0.9642857142857143,1.0,0.03571428571428571,0.9642857142857143,0.041566266773055166
Coffee,1,noise,0.05,0.05,aug_split_cp,18,10,100,28,2,1.0,1.2857142857142858,0.7142857142857143,1.0,0.0,0.9642857142857143,0.041566266773055166
Coffee,1,noise,0.05,0.05,label_smooth_aug_cp,18,10,100,28,2,1.0,1.2857142857142858,0.7142857142857143,1.0,0.0,0.9642857142857143,0.041566266773055166
Coffee,1,noise,0.05,0.05,confidence_weighted_cp,18,10,100,28,2,1.0,1.2857142857142858,0.7142857142857143,1.0,0.0,0.9642857142857143,0.041566266773055166
Coffee,1,noise,0.05,0.05,fast_cp,18,10,100,28,2,1.0,1.0357142857142858,0.9642857142857143,1.0,0.0,0.9642857142857143,0.041566266773055166
Coffee,1,noise,0.05,0.05,fast_cp_mixed,18,10,100,28,2,1.0,1.0714285714285714,0.9285714285714286,1.0,0.0,0.9642857142857143,0.041566266773055166
Coffee,1,noise,0.1,0.05,clean_split_cp,18,10,100,28,2,0.7857142857142857,0.7857142857142857,0.7857142857142857,1.0,0.21428571428571427,0.9285714285714286,0.10369856139358492
Coffee,1,noise,0.1,0.05,aug_split_cp,18,10,100,28,2,1.0,1.4285714285714286,0.5714285714285714,1.0,0.0,0.9285714285714286,0.10369856139358492
Coffee,1,noise,0.1,0.05,label_smooth_aug_cp,18,10,100,28,2,1.0,1.4285714285714286,0.5714285714285714,1.0,0.0,0.9285714285714286,0.10369856139358492
Coffee,1,noise,0.1,0.05,confidence_weighted_cp,18,10,100,28,2,0.9642857142857143,1.3571428571428572,0.6428571428571429,0.9444444444444444,0.0,0.9285714285714286,0.10369856139358492
Coffee,1,noise,0.1,0.05,fast_cp,18,10,100,28,2,1.0,1.3571428571428572,0.6428571428571429,1.0,0.0,0.9285714285714286,0.10369856139358492
Coffee,1,noise,0.1,0.05,fast_cp_mixed,18,10,100,28,2,1.0,1.3928571428571428,0.6071428571428571,1.0,0.0,0.9285714285714286,0.10369856139358492
Coffee,1,noise,0.2,0.05,clean_split_cp,18,10,100,28,2,0.4642857142857143,0.7142857142857143,0.7142857142857143,0.65,0.2857142857142857,0.5,0.4265281353352792
Coffee,1,noise,0.2,0.05,aug_split_cp,18,10,100,28,2,0.8571428571428571,1.3928571428571428,0.6071428571428571,0.7647058823529411,0.0,0.5,0.4265281353352792
Coffee,1,noise,0.2,0.05,label_smooth_aug_cp,18,10,100,28,2,0.8571428571428571,1.3928571428571428,0.6071428571428571,0.7647058823529411,0.0,0.5,0.4265281353352792
Coffee,1,noise,0.2,0.05,confidence_weighted_cp,18,10,100,28,2,0.8214285714285714,1.3571428571428572,0.6428571428571429,0.7222222222222222,0.0,0.5,0.4265281353352792
Coffee,1,noise,0.2,0.05,fast_cp,18,10,100,28,2,0.8571428571428571,1.3928571428571428,0.6071428571428571,0.7647058823529411,0.0,0.5,0.4265281353352792
Coffee,1,noise,0.2,0.05,fast_cp_mixed,18,10,100,28,2,0.8571428571428571,1.3928571428571428,0.6071428571428571,0.7647058823529411,0.0,0.5,0.4265281353352792
Coffee,1,drift,0.1,0.05,clean_split_cp,18,10,100,28,2,0.9285714285714286,0.9285714285714286,0.9285714285714286,1.0,0.07142857142857142,1.0,0.03673409775454173
Coffee,1,drift,0.1,0.05,aug_split_cp,18,10,100,28,2,1.0,1.4642857142857142,0.5357142857142857,1.0,0.0,1.0,0.03673409775454173
Coffee,1,drift,0.1,0.05,label_smooth_aug_cp,18,10,100,28,2,1.0,1.4642857142857142,0.5357142857142857,1.0,0.0,1.0,0.03673409775454173
Coffee,1,drift,0.1,0.05,confidence_weighted_cp,18,10,100,28,2,1.0,1.4642857142857142,0.5357142857142857,1.0,0.0,1.0,0.03673409775454173
Coffee,1,drift,0.1,0.05,fast_cp,18,10,100,28,2,1.0,1.1428571428571428,0.8571428571428571,1.0,0.0,1.0,0.03673409775454173
Coffee,1,drift,0.1,0.05,fast_cp_mixed,18,10,100,28,2,1.0,1.1785714285714286,0.8214285714285714,1.0,0.0,1.0,0.03673409775454173
Coffee,1,drift,0.2,0.05,clean_split_cp,18,10,100,28,2,0.8571428571428571,0.8571428571428571,0.8571428571428571,1.0,0.14285714285714285,0.9642857142857143,0.06619375027993221
Coffee,1,drift,0.2,0.05,aug_split_cp,18,10,100,28,2,1.0,1.4285714285714286,0.5714285714285714,1.0,0.0,0.9642857142857143,0.06619375027993221
Coffee,1,drift,0.2,0.05,label_smooth_aug_cp,18,10,100,28,2,1.0,1.4285714285714286,0.5714285714285714,1.0,0.0,0.9642857142857143,0.06619375027993221
Coffee,1,drift,0.2,0.05,confidence_weighted_cp,18,10,100,28,2,1.0,1.4285714285714286,0.5714285714285714,1.0,0.0,0.9642857142857143,0.06619375027993221
Coffee,1,drift,0.2,0.05,fast_cp,18,10,100,28,2,1.0,1.25,0.75,1.0,0.0,0.9642857142857143,0.06619375027993221
Coffee,1,drift,0.2,0.05,fast_cp_mixed,18,10,100,28,2,1.0,1.25,0.75,1.0,0.0,0.9642857142857143,0.06619375027993221
Coffee,1,drift,0.4,0.05,clean_split_cp,18,10,100,28,2,0.5714285714285714,0.7142857142857143,0.7142857142857143,0.8,0.2857142857142857,0.6785714285714286,0.24786928439806152
Coffee,1,drift,0.4,0.05,aug_split_cp,18,10,100,28,2,0.9642857142857143,1.3928571428571428,0.6071428571428571,0.9411764705882353,0.0,0.6785714285714286,0.24786928439806152
Coffee,1,drift,0.4,0.05,label_smooth_aug_cp,18,10,100,28,2,0.9642857142857143,1.3928571428571428,0.6071428571428571,0.9411764705882353,0.0,0.6785714285714286,0.24786928439806152
Coffee,1,drift,0.4,0.05,confidence_weighted_cp,18,10,100,28,2,0.9642857142857143,1.3928571428571428,0.6071428571428571,0.9411764705882353,0.0,0.6785714285714286,0.24786928439806152
Coffee,1,drift,0.4,0.05,fast_cp,18,10,100,28,2,0.9285714285714286,1.3571428571428572,0.6428571428571429,0.8888888888888888,0.0,0.6785714285714286,0.24786928439806152
Coffee,1,drift,0.4,0.05,fast_cp_mixed,18,10,100,28,2,0.9642857142857143,1.3928571428571428,0.6071428571428571,0.9411764705882353,0.0,0.6785714285714286,0.24786928439806152
Coffee,2,gap,0.05,0.05,clean_split_cp,18,10,100,28,2,0.8571428571428571,0.8571428571428571,0.8571428571428571,1.0,0.14285714285714285,0.9285714285714286,0.06235847863681181
Coffee,2,gap,0.05,0.05,aug_split_cp,18,10,100,28,2,1.0,1.6785714285714286,0.32142857142857145,1.0,0.0,0.9285714285714286,0.06235847863681181
Coffee,2,gap,0.05,0.05,label_smooth_aug_cp,18,10,100,28,2,1.0,1.6785714285714286,0.32142857142857145,1.0,0.0,0.9285714285714286,0.06235847863681181
Coffee,2,gap,0.05,0.05,confidence_weighted_cp,18,10,100,28,2,1.0,1.6785714285714286,0.32142857142857145,1.0,0.0,0.9285714285714286,0.06235847863681181
Coffee,2,gap,0.05,0.05,fast_cp,18,10,100,28,2,1.0,1.1428571428571428,0.8571428571428571,1.0,0.0,0.9285714285714286,0.06235847863681181
Coffee,2,gap,0.05,0.05,fast_cp_mixed,18,10,100,28,2,1.0,1.1428571428571428,0.8571428571428571,1.0,0.0,0.9285714285714286,0.06235847863681181
Coffee,2,gap,0.1,0.05,clean_split_cp,18,10,100,28,2,0.75,0.8571428571428571,0.8571428571428571,0.875,0.14285714285714285,0.8214285714285714,0.16871480133023142
Coffee,2,gap,0.1,0.05,aug_split_cp,18,10,100,28,2,0.9642857142857143,1.7142857142857142,0.2857142857142857,0.875,0.0,0.8214285714285714,0.16871480133023142
Coffee,2,gap,0.1,0.05,label_smooth_aug_cp,18,10,100,28,2,0.9642857142857143,1.7142857142857142,0.2857142857142857,0.875,0.0,0.8214285714285714,0.16871480133023142
Coffee,2,gap,0.1,0.05,confidence_weighted_cp,18,10,100,28,2,0.9642857142857143,1.7142857142857142,0.2857142857142857,0.875,0.0,0.8214285714285714,0.16871480133023142
Coffee,2,gap,0.1,0.05,fast_cp,18,10,100,28,2,0.8928571428571429,1.1428571428571428,0.8571428571428571,0.875,0.0,0.8214285714285714,0.16871480133023142
Coffee,2,gap,0.1,0.05,fast_cp_mixed,18,10,100,28,2,0.8928571428571429,1.1428571428571428,0.8571428571428571,0.875,0.0,0.8214285714285714,0.16871480133023142
Coffee,2,gap,0.2,0.05,clean_split_cp,18,10,100,28,2,0.6428571428571429,0.8928571428571429,0.8928571428571429,0.72,0.10714285714285714,0.7142857142857143,0.2729225362704808
Coffee,2,gap,0.2,0.05,aug_split_cp,18,10,100,28,2,0.8928571428571429,1.4285714285714286,0.5714285714285714,0.8125,0.0,0.7142857142857143,0.2729225362704808
Coffee,2,gap,0.2,0.05,label_smooth_aug_cp,18,10,100,28,2,0.8928571428571429,1.4285714285714286,0.5714285714285714,0.8125,0.0,0.7142857142857143,0.2729225362704808
Coffee,2,gap,0.2,0.05,confidence_weighted_cp,18,10,100,28,2,0.8928571428571429,1.4285714285714286,0.5714285714285714,0.8125,0.0,0.7142857142857143,0.2729225362704808
Coffee,2,gap,0.2,0.05,fast_cp,18,10,100,28,2,0.75,1.1071428571428572,0.8928571428571429,0.72,0.0,0.7142857142857143,0.2729225362704808
Coffee,2,gap,0.2,0.05,fast_cp_mixed,18,10,100,28,2,0.75,1.1071428571428572,0.8928571428571429,0.72,0.0,0.7142857142857143,0.2729225362704808
Coffee,2,noise,0.05,0.05,clean_split_cp,18,10,100,28,2,0.8214285714285714,0.8214285714285714,0.8214285714285714,1.0,0.17857142857142858,0.9642857142857143,0.06927346112533686
Coffee,2,noise,0.05,0.05,aug_split_cp,18,10,100,28,2,1.0,1.75,0.25,1.0,0.0,0.9642857142857143,0.06927346112533686
Coffee,2,noise,0.05,0.05,label_smooth_aug_cp,18,10,100,28,2,1.0,1.75,0.25,1.0,0.0,0.9642857142857143,0.06927346112533686
Coffee,2,noise,0.05,0.05,confidence_weighted_cp,18,10,100,28,2,1.0,1.75,0.25,1.0,0.0,0.9642857142857143,0.06927346112533686
Coffee,2,noise,0.05,0.05,fast_cp,18,10,100,28,2,1.0,1.1785714285714286,0.8214285714285714,1.0,0.0,0.9642857142857143,0.06927346112533686
Coffee,2,noise,0.05,0.05,fast_cp_mixed,18,10,100,28,2,1.0,1.2142857142857142,0.7857142857142857,1.0,0.0,0.9642857142857143,0.06927346112533686
Coffee,2,noise,0.1,0.05,clean_split_cp,18,10,100,28,2,0.6785714285714286,0.6785714285714286,0.6785714285714286,1.0,0.32142857142857145,0.9285714285714286,0.08400063115215187
Coffee,2,noise,0.1,0.05,aug_split_cp,18,10,100,28,2,1.0,1.6785714285714286,0.32142857142857145,1.0,0.0,0.9285714285714286,0.08400063115215187
Coffee,2,noise,0.1,0.05,label_smooth_aug_cp,18,10,100,28,2,1.0,1.6785714285714286,0.32142857142857145,1.0,0.0,0.9285714285714286,0.08400063115215187
Coffee,2,noise,0.1,0.05,confidence_weighted_cp,18,10,100,28,2,1.0,1.6785714285714286,0.32142857142857145,1.0,0.0,0.9285714285714286,0.08400063115215187
Coffee,2,noise,0.1,0.05,fast_cp,18,10,100,28,2,1.0,1.3571428571428572,0.6428571428571429,1.0,0.0,0.9285714285714286,0.08400063115215187
Coffee,2,noise,0.1,0.05,fast_cp_mixed,18,10,100,28,2,1.0,1.4642857142857142,0.5357142857142857,1.0,0.0,0.9285714285714286,0.08400063115215187
Coffee,2,noise,0.2,0.05,clean_split_cp,18,10,100,28,2,0.4642857142857143,0.8928571428571429,0.8928571428571429,0.52,0.10714285714285714,0.5,0.4899585851483766
Coffee,2,noise,0.2,0.05,aug_split_cp,18,10,100,28,2,0.9285714285714286,1.4642857142857142,0.5357142857142857,0.8666666666666667,0.0,0.5,0.4899585851483766
Coffee,2,noise,0.2,0.05,label_smooth_aug_cp,18,10,100,28,2,0.9285714285714286,1.4642857142857142,0.5357142857142857,0.8666666666666667,0.0,0.5,0.4899585851483766
Coffee,2,noise,0.2,0.05,confidence_weighted_cp,18,10,100,28,2,0.9285714285714286,1.4642857142857142,0.5357142857142857,0.8666666666666667,0.0,0.5,0.4899585851483766
Coffee,2,noise,0.2,0.05,fast_cp,18,10,100,28,2,0.9285714285714286,1.4642857142857142,0.5357142857142857,0.8666666666666667,0.0,0.5,0.4899585851483766
Coffee,2,noise,0.2,0.05,fast_cp_mixed,18,10,100,28,2,0.9285714285714286,1.4642857142857142,0.5357142857142857,0.8666666666666667,0.0,0.5,0.4899585851483766
Coffee,2,drift,0.1,0.05,clean_split_cp,18,10,100,28,2,0.9285714285714286,0.9285714285714286,0.9285714285714286,1.0,0.07142857142857142,1.0,0.043312252100180165
Coffee,2,drift,0.1,0.05,aug_split_cp,18,10,100,28,2,1.0,1.75,0.25,1.0,0.0,1.0,0.043312252100180165
Coffee,2,drift,0.1,0.05,label_smooth_aug_cp,18,10,100,28,2,1.0,1.75,0.25,1.0,0.0,1.0,0.043312252100180165
Coffee,2,drift,0.1,0.05,confidence_weighted_cp,18,10,100,28,2,1.0,1.75,0.25,1.0,0.0,1.0,0.043312252100180165
Coffee,2,drift,0.1,0.05,fast_cp,18,10,100,28,2,1.0,1.0714285714285714,0.9285714285714286,1.0,0.0,1.0,0.043312252100180165
Coffee,2,drift,0.1,0.05,fast_cp_mixed,18,10,100,28,2,1.0,1.1428571428571428,0.8571428571428571,1.0,0.0,1.0,0.043312252100180165
Coffee,2,drift,0.2,0.05,clean_split_cp,18,10,100,28,2,0.7857142857142857,0.7857142857142857,0.7857142857142857,1.0,0.21428571428571427,0.9285714285714286,0.06438581530851663
Coffee,2,drift,0.2,0.05,aug_split_cp,18,10,100,28,2,1.0,1.5357142857142858,0.4642857142857143,1.0,0.0,0.9285714285714286,0.06438581530851663
Coffee,2,drift,0.2,0.05,label_smooth_aug_cp,18,10,100,28,2,1.0,1.5357142857142858,0.4642857142857143,1.0,0.0,0.9285714285714286,0.06438581530851663
Coffee,2,drift,0.2,0.05,confidence_weighted_cp,18,10,100,28,2,1.0,1.5357142857142858,0.4642857142857143,1.0,0.0,0.9285714285714286,0.06438581530851663
Coffee,2,drift,0.2,0.05,fast_cp,18,10,100,28,2,1.0,1.2142857142857142,0.7857142857142857,1.0,0.0,0.9285714285714286,0.06438581530851663
Coffee,2,drift,0.2,0.05,fast_cp_mixed,18,10,100,28,2,1.0,1.25,0.75,1.0,0.0,0.9285714285714286,0.06438581530851663
Coffee,2,drift,0.4,0.05,clean_split_cp,18,10,100,28,2,0.6071428571428571,0.8928571428571429,0.8928571428571429,0.68,0.10714285714285714,0.6428571428571429,0.30720665880165904
Coffee,2,drift,0.4,0.05,aug_split_cp,18,10,100,28,2,1.0,1.4642857142857142,0.5357142857142857,1.0,0.0,0.6428571428571429,0.30720665880165904
Coffee,2,drift,0.4,0.05,label_smooth_aug_cp,18,10,100,28,2,1.0,1.4642857142857142,0.5357142857142857,1.0,0.0,0.6428571428571429,0.30720665880165904
Coffee,2,drift,0.4,0.05,confidence_weighted_cp,18,10,100,28,2,1.0,1.4285714285714286,0.5714285714285714,1.0,0.0,0.6428571428571429,0.30720665880165904
Coffee,2,drift,0.4,0.05,fast_cp,18,10,100,28,2,0.7142857142857143,1.1071428571428572,0.8928571428571429,0.68,0.0,0.6428571428571429,0.30720665880165904
Coffee,2,drift,0.4,0.05,fast_cp_mixed,18,10,100,28,2,0.75,1.1428571428571428,0.8571428571428571,0.7083333333333334,0.0,0.6428571428571429,0.30720665880165904
Beef,0,gap,0.05,0.05,clean_split_cp,19,11,110,30,5,0.9,2.3333333333333335,0.3,0.8888888888888888,0.0,0.5666666666666667,0.23729396115260787
Beef,0,gap,0.05,0.05,aug_split_cp,19,11,110,30,5,0.9333333333333333,3.066666666666667,0.16666666666666666,0.8,0.0,0.5666666666666667,0.23729396115260787
Beef,0,gap,0.05,0.05,label_smooth_aug_cp,19,11,110,30,5,0.9333333333333333,3.066666666666667,0.16666666666666666,0.8,0.0,0.5666666666666667,0.23729396115260787
Beef,0,gap,0.05,0.05,confidence_weighted_cp,19,11,110,30,5,0.9333333333333333,2.933333333333333,0.16666666666666666,0.8,0.0,0.5666666666666667,0.23729396115260787
Beef,0,gap,0.05,0.05,fast_cp,19,11,110,30,5,0.9333333333333333,2.9,0.16666666666666666,0.8,0.0,0.5666666666666667,0.23729396115260787
Beef,0,gap,0.05,0.05,fast_cp_mixed,19,11,110,30,5,0.9333333333333333,3.0,0.16666666666666666,0.8,0.0,0.5666666666666667,0.23729396115260787
Beef,0,gap,0.1,0.05,clean_split_cp,19,11,110,30,5,0.8666666666666667,2.2,0.3333333333333333,0.8,0.0,0.5333333333333333,0.3426471780727891
Beef,0,gap,0.1,0.05,aug_split_cp,19,11,110,30,5,0.9333333333333333,2.8,0.2,0.8333333333333334,0.0,0.5333333333333333,0.3426471780727891
Beef,0,gap,0.1,0.05,label_smooth_aug_cp,19,11,110,30,5,0.9333333333333333,2.8,0.2,0.8333333333333334,0.0,0.5333333333333333,0.3426471780727891
Beef,0,gap,0.1,0.05,confidence_weighted_cp,19,11,110,30,5,0.9333333333333333,2.7,0.16666666666666666,0.8,0.0,0.5333333333333333,0.3426471780727891
Beef,0,gap,0.1,0.05,fast_cp,19,11,110,30,5,0.9333333333333333,2.7333333333333334,0.2,0.8333333333333334,0.0,0.5333333333333333,0.3426471780727891
Beef,0,gap,0.1,0.05,fast_cp_mixed,19,11,110,30,5,0.9333333333333333,2.7333333333333334,0.2,0.8333333333333334,0.0,0.5333333333333333,0.3426471780727891
Beef,0,gap,0.2,0.05,clean_split_cp,19,11,110,30,5,0.7333333333333333,1.9333333333333333,0.4,0.75,0.0,0.4666666666666667,0.38122563923472697
Beef,0,gap,0.2,0.05,aug_split_cp,19,11,110,30,5,0.8333333333333334,2.2666666666666666,0.23333333333333334,0.7142857142857143,0.0,0.4666666666666667,0.38122563923472697
Beef,0,gap,0.2,0.05,label_smooth_aug_cp,19,11,110,30,5,0.8333333333333334,2.2666666666666666,0.23333333333333334,0.7142857142857143,0.0,0.4666666666666667,0.38122563923472697
Beef,0,gap,0.2,0.05,confidence_weighted_cp,19,11,110,30,5,0.8333333333333334,2.2666666666666666,0.23333333333333334,0.7142857142857143,0.0,0.4666666666666667,0.38122563923472697
Beef,0,gap,0.2,0.05,fast_cp,19,11,110,30,5,0.8333333333333334,2.2,0.23333333333333334,0.7142857142857143,0.0,0.4666666666666667,0.38122563923472697
Beef,0,gap,0.2,0.05,fast_cp_mixed,19,11,110,30,5,0.8333333333333334,2.2333333333333334,0.23333333333333334,0.7142857142857143,0.0,0.4666666666666667,0.38122563923472697
Beef,0,noise,0.05,0.05,clean_split_cp,19,11,110,30,5,0.9333333333333333,2.6666666666666665,0.16666666666666666,0.8,0.0,0.5333333333333333,0.24735637713440015
Beef,0,noise,0.05,0.05,aug_split_cp,19,11,110,30,5,0.9333333333333333,3.066666666666667,0.16666666666666666,0.8,0.0,0.5333333333333333,0.24735637713440015
Beef,0,noise,0.05,0.05,label_smooth_aug_cp,19,11,110,30,5,0.9333333333333333,3.066666666666667,0.16666666666666666,0.8,0.0,0.5333333333333333,0.24735637713440015
Beef,0,noise,0.05,0.05,confidence_weighted_cp,19,11,110,30,5,0.9333333333333333,2.8333333333333335,0.16666666666666666,0.8,0.0,0.5333333333333333,0.24735637713440015
Beef,0,noise,0.05,0.05,fast_cp,19,11,110,30,5,0.9333333333333333,2.8333333333333335,0.16666666666666666,0.8,0.0,0.5333333333333333,0.24735637713440015
Beef,0,noise,0.05,0.05,fast_cp_mixed,19,11,110,30,5,0.9333333333333333,2.8666666666666667,0.16666666666666666,0.8,0.0,0.5333333333333333,0.24735637713440015
Beef,0,noise,0.1,0.05,clean_split_cp,19,11,110,30,5,0.8666666666666667,2.6333333333333333,0.13333333333333333,1.0,0.0,0.5,0.29008279362801315
Beef,0,noise,0.1,0.05,aug_split_cp,19,11,110,30,5,1.0,3.3,0.13333333333333333,1.0,0.0,0.5,0.29008279362801315
Beef,0,noise,0.1,0.05,label_smooth_aug_cp,19,11,110,30,5,1.0,3.3,0.13333333333333333,1.0,0.0,0.5,0.29008279362801315
Beef,0,noise,0.1,0.05,confidence_weighted_cp,19,11,110,30,5,0.9333333333333333,2.9,0.13333333333333333,1.0,0.0,0.5,0.29008279362801315
Beef,0,noise,0.1,0.05,fast_cp,19,11,110,30,5,0.9333333333333333,2.8666666666666667,0.13333333333333333,1.0,0.0,0.5,0.29008279362801315
Beef,0,noise,0.1,0.05,fast_cp_mixed,19,11,110,30,5,0.9333333333333333,2.966666666666667,0.13333333333333333,1.0,0.0,0.5,0.29008279362801315
Beef,0,noise,0.2,0.05,clean_split_cp,19,11,110,30,5,0.7666666666666667,2.3666666666666667,0.13333333333333333,1.0,0.0,0.4,0.42649632703724627
Beef,0,noise,0.2,0.05,aug_split_cp,19,11,110,30,5,0.9,3.066666666666667,0.13333333333333333,1.0,0.0,0.4,0.42649632703724627
Beef,0,noise,0.2,0.05,label_smooth_aug_cp,19,11,110,30,5,0.9,3.066666666666667,0.13333333333333333,1.0,0.0,0.4,0.42649632703724627
Beef,0,noise,0.2,0.05,confidence_weighted_cp,19,11,110,30,5,0.8666666666666667,2.8333333333333335,0.13333333333333333,1.0,0.0,0.4,0.42649632703724627
Beef,0,noise,0.2,0.05,fast_cp,19,11,110,30,5,0.8666666666666667,2.7666666666666666,0.13333333333333333,1.0,0.0,0.4,0.42649632703724627
Beef,0,noise,0.2,0.05,fast_cp_mixed,19,11,110,30,5,0.8666666666666667,2.8,0.13333333333333333,1.0,0.0,0.4,0.42649632703724627
Beef,0,drift,0.1,0.05,clean_split_cp,19,11,110,30,5,0.9,2.5,0.23333333333333334,0.8571428571428571,0.0,0.6,0.24470398367189736
Beef,0,drift,0.1,0.05,aug_split_cp,19,11,110,30,5,0.9333333333333333,3.1333333333333333,0.16666666666666666,0.8,0.0,0.6,0.24470398367189736
Beef,0,drift,0.1,0.05,label_smooth_aug_cp,19,11,110,30,5,0.9333333333333333,3.1333333333333333,0.16666666666666666,0.8,0.0,0.6,0.24470398367189736
Beef,0,drift,0.1,0.05,confidence_weighted_cp,19,11,110,30,5,0.9333333333333333,2.8666666666666667,0.16666666666666666,0.8,0.0,0.6,0.24470398367189736
Beef,0,drift,0.1,0.05,fast_cp,19,11,110,30,5,0.9333333333333333,2.8,0.16666666666666666,0.8,0.0,0.6,0.24470398367189736
Beef,0,drift,0.1,0.05,fast_cp_mixed,19,11,110,30,5,0.9333333333333333,2.9,0.16666666666666666,0.8,0.0,0.6,0.24470398367189736
Beef,0,drift,0.2,0.05,clean_split_cp,19,11,110,30,5,0.9333333333333333,2.6666666666666665,0.2,0.8333333333333334,0.0,0.5666666666666667,0.23868337839452897
Beef,0,drift,0.2,0.05,aug_split_cp,19,11,110,30,5,0.9333333333333333,3.1333333333333333,0.16666666666666666,0.8,0.0,0.5666666666666667,0.23868337839452897
Beef,0,drift,0.2,0.05,label_smooth_aug_cp,19,11,110,30,5,0.9333333333333333,3.1333333333333333,0.16666666666666666,0.8,0.0,0.5666666666666667,0.23868337839452897
Beef,0,drift,0.2,0.05,confidence_weighted_cp,19,11,110,30,5,0.9333333333333333,2.8333333333333335,0.16666666666666666,0.8,0.0,0.5666666666666667,0.23868337839452897
Beef,0,drift,0.2,0.05,fast_cp,19,11,110,30,5,0.9333333333333333,2.7333333333333334,0.2,0.8333333333333334,0.0,0.5666666666666667,0.23868337839452897
Beef,0,drift,0.2,0.05,fast_cp_mixed,19,11,110,30,5,0.9333333333333333,2.9,0.16666666666666666,0.8,0.0,0.5666666666666667,0.23868337839452897
Beef,0,drift,0.4,0.05,clean_split_cp,19,11,110,30,5,0.8666666666666667,2.433333333333333,0.3,0.7777777777777778,0.0,0.6333333333333333,0.21825325648847804
Beef,0,drift,0.4,0.05,aug_split_cp,19,11,110,30,5,0.9333333333333333,3.2666666666666666,0.06666666666666667,1.0,0.0,0.6333333333333333,0.21825325648847804
Beef,0,drift,0.4,0.05,label_smooth_aug_cp,19,11,110,30,5,0.9333333333333333,3.2666666666666666,0.06666666666666667,1.0,0.0,0.6333333333333333,0.21825325648847804
Beef,0,drift,0.4,0.05,confidence_weighted_cp,19,11,110,30,5,0.9,3.0,0.06666666666666667,1.0,0.0,0.6333333333333333,0.21825325648847804
Beef,0,drift,0.4,0.05,fast_cp,19,11,110,30,5,0.9,2.8666666666666667,0.16666666666666666,0.8,0.0,0.6333333333333333,0.21825325648847804
Beef,0,drift,0.4,0.05,fast_cp_mixed,19,11,110,30,5,0.9333333333333333,3.0,0.13333333333333333,1.0,0.0,0.6333333333333333,0.21825325648847804
Beef,1,gap,0.05,0.05,clean_split_cp,19,11,110,30,5,0.9666666666666667,2.5,0.23333333333333334,1.0,0.0,0.8333333333333334,0.24796366728129546
Beef,1,gap,0.05,0.05,aug_split_cp,19,11,110,30,5,0.9666666666666667,3.7666666666666666,0.1,1.0,0.0,0.8333333333333334,0.24796366728129546
Beef,1,gap,0.05,0.05,label_smooth_aug_cp,19,11,110,30,5,0.9666666666666667,3.7666666666666666,0.1,1.0,0.0,0.8333333333333334,0.24796366728129546
Beef,1,gap,0.05,0.05,confidence_weighted_cp,19,11,110,30,5,0.9666666666666667,3.466666666666667,0.1,1.0,0.0,0.8333333333333334,0.24796366728129546
Beef,1,gap,0.05,0.05,fast_cp,19,11,110,30,5,0.9666666666666667,3.533333333333333,0.1,1.0,0.0,0.8333333333333334,0.24796366728129546
Beef,1,gap,0.05,0.05,fast_cp_mixed,19,11,110,30,5,0.9666666666666667,3.6333333333333333,0.1,1.0,0.0,0.8333333333333334,0.24796366728129546
Beef,1,gap,0.1,0.05,clean_split_cp,19,11,110,30,5,0.9,2.2,0.26666666666666666,0.875,0.0,0.7,0.2218602809540678
Beef,1,gap,0.1,0.05,aug_split_cp,19,11,110,30,5,0.9666666666666667,3.466666666666667,0.13333333333333333,0.75,0.0,0.7,0.2218602809540678
Beef,1,gap,0.1,0.05,label_smooth_aug_cp,19,11,110,30,5,0.9666666666666667,3.466666666666667,0.13333333333333333,0.75,0.0,0.7,0.2218602809540678
Beef,1,gap,0.1,0.05,confidence_weighted_cp,19,11,110,30,5,0.9666666666666667,2.966666666666667,0.13333333333333333,0.75,0.0,0.7,0.2218602809540678
Beef,1,gap,0.1,0.05,fast_cp,19,11,110,30,5,0.9666666666666667,3.066666666666667,0.13333333333333333,0.75,0.0,0.7,0.2218602809540678
Beef,1,gap,0.1,0.05,fast_cp_mixed,19,11,110,30,5,0.9666666666666667,3.2,0.13333333333333333,0.75,0.0,0.7,0.2218602809540678
Beef,1,gap,0.2,0.05,clean_split_cp,19,11,110,30,5,0.5333333333333333,1.6,0.5,0.4,0.0,0.36666666666666664,0.5911020800426182
Beef,1,gap,0.2,0.05,aug_split_cp,19,11,110,30,5,0.6666666666666666,2.466666666666667,0.13333333333333333,0.5,0.0,0.36666666666666664,0.5911020800426182
Beef,1,gap,0.2,0.05,label_smooth_aug_cp,19,11,110,30,5,0.6666666666666666,2.466666666666667,0.13333333333333333,0.5,0.0,0.36666666666666664,0.5911020800426182
Beef,1,gap,0.2,0.05,confidence_weighted_cp,19,11,110,30,5,0.6666666666666666,2.433333333333333,0.13333333333333333,0.5,0.0,0.36666666666666664,0.5911020800426182
Beef,1,gap,0.2,0.05,fast_cp,19,11,110,30,5,0.6666666666666666,2.433333333333333,0.13333333333333333,0.5,0.0,0.36666666666666664,0.5911020800426182
Beef,1,gap,0.2,0.05,fast_cp_mixed,19,11,110,30,5,0.6666666666666666,2.433333333333333,0.13333333333333333,0.5,0.0,0.36666666666666664,0.5911020800426182
Beef,1,noise,0.05,0.05,clean_split_cp,19,11,110,30,5,0.9666666666666667,2.7,0.23333333333333334,1.0,0.0,0.7333333333333333,0.11183567647253964
Beef,1,noise,0.05,0.05,aug_split_cp,19,11,110,30,5,1.0,3.8333333333333335,0.13333333333333333,1.0,0.0,0.7333333333333333,0.11183567647253964
Beef,1,noise,0.05,0.05,label_smooth_aug_cp,19,11,110,30,5,1.0,3.8333333333333335,0.13333333333333333,1.0,0.0,0.7333333333333333,0.11183567647253964
Beef,1,noise,0.05,0.05,confidence_weighted_cp,19,11,110,30,5,0.9666666666666667,3.6,0.13333333333333333,1.0,0.0,0.7333333333333333,0.11183567647253964
Beef,1,noise,0.05,0.05,fast_cp,19,11,110,30,5,0.9666666666666667,3.533333333333333,0.13333333333333333,1.0,0.0,0.7333333333333333,0.11183567647253964
Beef,1,noise,0.05,0.05,fast_cp_mixed,19,11,110,30,5,0.9666666666666667,3.6333333333333333,0.13333333333333333,1.0,0.0,0.7333333333333333,0.11183567647253964
Beef,1,noise,0.1,0.05,clean_split_cp,19,11,110,30,5,0.9666666666666667,2.5,0.16666666666666666,1.0,0.0,0.6,0.18095912340999584
Beef,1,noise,0.1,0.05,aug_split_cp,19,11,110,30,5,1.0,3.8333333333333335,0.13333333333333333,1.0,0.0,0.6,0.18095912340999584
Beef,1,noise,0.1,0.05,label_smooth_aug_cp,19,11,110,30,5,1.0,3.8333333333333335,0.13333333333333333,1.0,0.0,0.6,0.18095912340999584
Beef,1,noise,0.1,0.05,confidence_weighted_cp,19,11,110,30,5,1.0,3.6333333333333333,0.13333333333333333,1.0,0.0,0.6,0.18095912340999584
Beef,1,noise,0.1,0.05,fast_cp,19,11,110,30,5,1.0,3.6333333333333333,0.13333333333333333,1.0,0.0,0.6,0.18095912340999584
Beef,1,noise,0.1,0.05,fast_cp_mixed,19,11,110,30,5,1.0,3.7,0.13333333333333333,1.0,0.0,0.6,0.18095912340999584
Beef,1,noise,0.2,0.05,clean_split_cp,19,11,110,30,5,0.6333333333333333,1.7666666666666666,0.5,0.4666666666666667,0.0,0.4,0.537889655908469
Beef,1,noise,0.2,0.05,aug_split_cp,19,11,110,30,5,0.9333333333333333,3.2666666666666666,0.1,1.0,0.0,0.4,0.537889655908469
Beef,1,noise,0.2,0.05,label_smooth_aug_cp,19,11,110,30,5,0.9333333333333333,3.2666666666666666,0.1,1.0,0.0,0.4,0.537889655908469
Beef,1,noise,0.2,0.05,confidence_weighted_cp,19,11,110,30,5,0.9333333333333333,3.1333333333333333,0.1,1.0,0.0,0.4,0.537889655908469
Beef,1,noise,0.2,0.05,fast_cp,19,11,110,30,5,0.9,2.8666666666666667,0.1,1.0,0.0,0.4,0.537889655908469
Beef,1,noise,0.2,0.05,fast_cp_mixed,19,11,110,30,5,0.9333333333333333,2.933333333333333,0.1,1.0,0.0,0.4,0.537889655908469
Beef,1,drift,0.1,0.05,clean_split_cp,19,11,110,30,5,0.9666666666666667,2.566666666666667,0.2,1.0,0.0,0.8333333333333334,0.11892213139270032
Beef,1,drift,0.1,0.05,aug_split_cp,19,11,110,30,5,0.9666666666666667,3.8,0.1,1.0,0.0,0.8333333333333334,0.11892213139270032
Beef,1,drift,0.1,0.05,label_smooth_aug_cp,19,11,110,30,5,0.9666666666666667,3.8,0.1,1.0,0.0,0.8333333333333334,0.11892213139270032
Beef,1,drift,0.1,0.05,confidence_weighted_cp,19,11,110,30,5,0.9666666666666667,3.466666666666667,0.1,1.0,0.0,0.8333333333333334,0.11892213139270032
Beef,1,drift,0.1,0.05,fast_cp,19,11,110,30,5,0.9666666666666667,3.466666666666667,0.1,1.0,0.0,0.8333333333333334,0.11892213139270032
Beef,1,drift,0.1,0.05,fast_cp_mixed,19,11,110,30,5,0.9666666666666667,3.5,0.1,1.0,0.0,0.8333333333333334,0.11892213139270032
Beef,1,drift,0.2,0.05,clean_split_cp,19,11,110,30,5,0.9333333333333333,2.433333333333333,0.16666666666666666,1.0,0.0,0.6666666666666666,0.14288776844861784
Beef,1,drift,0.2,0.05,aug_split_cp,19,11,110,30,5,0.9666666666666667,3.8333333333333335,0.1,1.0,0.0,0.6666666666666666,0.14288776844861784
Beef,1,drift,0.2,0.05,label_smooth_aug_cp,19,11,110,30,5,0.9666666666666667,3.8333333333333335,0.1,1.0,0.0,0.6666666666666666,0.14288776844861784
Beef,1,drift,0.2,0.05,confidence_weighted_cp,19,11,110,30,5,0.9666666666666667,3.5,0.1,1.0,0.0,0.6666666666666666,0.14288776844861784
Beef,1,drift,0.2,0.05,fast_cp,19,11,110,30,5,0.9666666666666667,3.433333333333333,0.13333333333333333,1.0,0.0,0.6666666666666666,0.14288776844861784
Beef,1,drift,0.2,0.05,fast_cp_mixed,19,11,110,30,5,0.9666666666666667,3.566666666666667,0.13333333333333333,1.0,0.0,0.6666666666666666,0.14288776844861784
Beef,1,drift,0.4,0.05,clean_split_cp,19,11,110,30,5,0.8333333333333334,2.1333333333333333,0.16666666666666666,1.0,0.0,0.6,0.22900814105767578
Beef,1,drift,0.4,0.05,aug_split_cp,19,11,110,30,5,0.9666666666666667,3.5,0.1,1.0,0.0,0.6,0.22900814105767578
Beef,1,drift,0.4,0.05,label_smooth_aug_cp,19,11,110,30,5,0.9666666666666667,3.5,0.1,1.0,0.0,0.6,0.22900814105767578
Beef,1,drift,0.4,0.05,confidence_weighted_cp,19,11,110,30,5,0.9,3.2666666666666666,0.1,1.0,0.0,0.6,0.22900814105767578
Beef,1,drift,0.4,0.05,fast_cp,19,11,110,30,5,0.9,3.2,0.1,1.0,0.0,0.6,0.22900814105767578
Beef,1,drift,0.4,0.05,fast_cp_mixed,19,11,110,30,5,0.9,3.2,0.1,1.0,0.0,0.6,0.22900814105767578
Beef,2,gap,0.05,0.05,clean_split_cp,19,11,110,30,5,0.9,2.5,0.2,1.0,0.0,0.5333333333333333,0.28977297030198595
Beef,2,gap,0.05,0.05,aug_split_cp,19,11,110,30,5,1.0,3.2333333333333334,0.16666666666666666,1.0,0.0,0.5333333333333333,0.28977297030198595
Beef,2,gap,0.05,0.05,label_smooth_aug_cp,19,11,110,30,5,1.0,3.2333333333333334,0.16666666666666666,1.0,0.0,0.5333333333333333,0.28977297030198595
Beef,2,gap,0.05,0.05,confidence_weighted_cp,19,11,110,30,5,0.9666666666666667,3.066666666666667,0.16666666666666666,1.0,0.0,0.5333333333333333,0.28977297030198595
Beef,2,gap,0.05,0.05,fast_cp,19,11,110,30,5,0.9666666666666667,3.033333333333333,0.2,1.0,0.0,0.5333333333333333,0.28977297030198595
Beef,2,gap,0.05,0.05,fast_cp_mixed,19,11,110,30,5,0.9666666666666667,3.066666666666667,0.16666666666666666,1.0,0.0,0.5333333333333333,0.28977297030198595
Beef,2,gap,0.1,0.05,clean_split_cp,19,11,110,30,5,0.8333333333333334,2.433333333333333,0.2,0.8333333333333334,0.0,0.4,0.3853493596800991
Beef,2,gap,0.1,0.05,aug_split_cp,19,11,110,30,5,0.9,3.1333333333333333,0.13333333333333333,1.0,0.0,0.4,0.3853493596800991
Beef,2,gap,0.1,0.05,label_smooth_aug_cp,19,11,110,30,5,0.9,3.1333333333333333,0.13333333333333333,1.0,0.0,0.4,0.3853493596800991
Beef,2,gap,0.1,0.05,confidence_weighted_cp,19,11,110,30,5,0.9,2.933333333333333,0.13333333333333333,1.0,0.0,0.4,0.3853493596800991
Beef,2,gap,0.1,0.05,fast_cp,19,11,110,30,5,0.9,3.1,0.13333333333333333,1.0,0.0,0.4,0.3853493596800991
Beef,2,gap,0.1,0.05,fast_cp_mixed,19,11,110,30,5,0.9,3.1,0.13333333333333333,1.0,0.0,0.4,0.3853493596800991
Beef,2,gap,0.2,0.05,clean_split_cp,19,11,110,30,5,0.5,1.6666666666666667,0.5,0.2,0.0,0.36666666666666664,0.5748446214743502
Beef,2,gap,0.2,0.05,aug_split_cp,19,11,110,30,5,0.6666666666666666,2.1666666666666665,0.23333333333333334,0.2857142857142857,0.0,0.36666666666666664,0.5748446214743502
Beef,2,gap,0.2,0.05,label_smooth_aug_cp,19,11,110,30,5,0.6666666666666666,2.1666666666666665,0.23333333333333334,0.2857142857142857,0.0,0.36666666666666664,0.5748446214743502
Beef,2,gap,0.2,0.05,confidence_weighted_cp,19,11,110,30,5,0.6666666666666666,2.1666666666666665,0.23333333333333334,0.2857142857142857,0.0,0.36666666666666664,0.5748446214743502
Beef,2,gap,0.2,0.05,fast_cp,19,11,110,30,5,0.6666666666666666,2.1666666666666665,0.23333333333333334,0.2857142857142857,0.0,0.36666666666666664,0.5748446214743502
Beef,2,gap,0.2,0.05,fast_cp_mixed,19,11,110,30,5,0.6666666666666666,2.1666666666666665,0.23333333333333334,0.2857142857142857,0.0,0.36666666666666664,0.5748446214743502
Beef,2,noise,0.05,0.05,clean_split_cp,19,11,110,30,5,0.9333333333333333,2.6333333333333333,0.2,1.0,0.0,0.43333333333333335,0.30226564620721713
Beef,2,noise,0.05,0.05,aug_split_cp,19,11,110,30,5,1.0,3.433333333333333,0.13333333333333333,1.0,0.0,0.43333333333333335,0.30226564620721713
Beef,2,noise,0.05,0.05,label_smooth_aug_cp,19,11,110,30,5,1.0,3.433333333333333,0.13333333333333333,1.0,0.0,0.43333333333333335,0.30226564620721713
Beef,2,noise,0.05,0.05,confidence_weighted_cp,19,11,110,30,5,0.9333333333333333,3.066666666666667,0.13333333333333333,1.0,0.0,0.43333333333333335,0.30226564620721713
Beef,2,noise,0.05,0.05,fast_cp,19,11,110,30,5,0.9666666666666667,3.033333333333333,0.16666666666666666,1.0,0.0,0.43333333333333335,0.30226564620721713
Beef,2,noise,0.05,0.05,fast_cp_mixed,19,11,110,30,5,1.0,3.1333333333333333,0.16666666666666666,1.0,0.0,0.43333333333333335,0.30226564620721713
Beef,2,noise,0.1,0.05,clean_split_cp,19,11,110,30,5,0.9,2.4,0.2,1.0,0.0,0.43333333333333335,0.33480192562430305
Beef,2,noise,0.1,0.05,aug_split_cp,19,11,110,30,5,1.0,3.6333333333333333,0.13333333333333333,1.0,0.0,0.43333333333333335,0.33480192562430305
Beef,2,noise,0.1,0.05,label_smooth_aug_cp,19,11,110,30,5,1.0,3.6333333333333333,0.13333333333333333,1.0,0.0,0.43333333333333335,0.33480192562430305
Beef,2,noise,0.1,0.05,confidence_weighted_cp,19,11,110,30,5,1.0,3.2666666666666666,0.13333333333333333,1.0,0.0,0.43333333333333335,0.33480192562430305
Beef,2,noise,0.1,0.05,fast_cp,19,11,110,30,5,0.9666666666666667,3.033333333333333,0.13333333333333333,1.0,0.0,0.43333333333333335,0.33480192562430305
Beef,2,noise,0.1,0.05,fast_cp_mixed,19,11,110,30,5,0.9666666666666667,3.1,0.13333333333333333,1.0,0.0,0.43333333333333335,0.33480192562430305
Beef,2,noise,0.2,0.05,clean_split_cp,19,11,110,30,5,0.5666666666666667,1.6333333333333333,0.5,0.4666666666666667,0.0,0.3333333333333333,0.570328754080868
Beef,2,noise,0.2,0.05,aug_split_cp,19,11,110,30,5,0.7666666666666667,2.6333333333333333,0.16666666666666666,0.8,0.0,0.3333333333333333,0.570328754080868
Beef,2,noise,0.2,0.05,label_smooth_aug_cp,19,11,110,30,5,0.7666666666666667,2.6333333333333333,0.16666666666666666,0.8,0.0,0.3333333333333333,0.570328754080868
Beef,2,noise,0.2,0.05,confidence_weighted_cp,19,11,110,30,5,0.7666666666666667,2.533333333333333,0.16666666666666666,0.8,0.0,0.3333333333333333,0.570328754080868
Beef,2,noise,0.2,0.05,fast_cp,19,11,110,30,5,0.7666666666666667,2.6,0.16666666666666666,0.8,0.0,0.3333333333333333,0.570328754080868
Beef,2,noise,0.2,0.05,fast_cp_mixed,19,11,110,30,5,0.7666666666666667,2.6333333333333333,0.16666666666666666,0.8,0.0,0.3333333333333333,0.570328754080868
Beef,2,drift,0.1,0.05,clean_split_cp,19,11,110,30,5,0.9333333333333333,2.7333333333333334,0.2,1.0,0.0,0.5333333333333333,0.26695809171379214
Beef,2,drift,0.1,0.05,aug_split_cp,19,11,110,30,5,0.9666666666666667,3.3,0.16666666666666666,1.0,0.0,0.5333333333333333,0.26695809171379214
Beef,2,drift,0.1,0.05,label_smooth_aug_cp,19,11,110,30,5,0.9666666666666667,3.3,0.16666666666666666,1.0,0.0,0.5333333333333333,0.26695809171379214
Beef,2,drift,0.1,0.05,confidence_weighted_cp,19,11,110,30,5,0.9666666666666667,3.033333333333333,0.16666666666666666,1.0,0.0,0.5333333333333333,0.26695809171379214
Beef,2,drift,0.1,0.05,fast_cp,19,11,110,30,5,0.9666666666666667,2.933333333333333,0.2,1.0,0.0,0.5333333333333333,0.26695809171379214
Beef,2,drift,0.1,0.05,fast_cp_mixed,19,11,110,30,5,0.9666666666666667,3.0,0.16666666666666666,1.0,0.0,0.5333333333333333,0.26695809171379214
Beef,2,drift,0.2,0.05,clean_split_cp,19,11,110,30,5,0.9,2.8,0.2,1.0,0.0,0.4666666666666667,0.27536962154565614
Beef,2,drift,0.2,0.05,aug_split_cp,19,11,110,30,5,1.0,3.4,0.2,1.0,0.0,0.4666666666666667,0.27536962154565614
Beef,2,drift,0.2,0.05,label_smooth_aug_cp,19,11,110,30,5,1.0,3.4,0.2,1.0,0.0,0.4666666666666667,0.27536962154565614
Beef,2,drift,0.2,0.05,confidence_weighted_cp,19,11,110,30,5,0.9666666666666667,3.033333333333333,0.2,1.0,0.0,0.4666666666666667,0.27536962154565614
Beef,2,drift,0.2,0.05,fast_cp,19,11,110,30,5,0.9666666666666667,3.066666666666667,0.2,1.0,0.0,0.4666666666666667,0.27536962154565614
Beef,2,drift,0.2,0.05,fast_cp_mixed,19,11,110,30,5,0.9666666666666667,3.1333333333333333,0.2,1.0,0.0,0.4666666666666667,0.27536962154565614
Beef,2,drift,0.4,0.05,clean_split_cp,19,11,110,30,5,0.8666666666666667,2.6333333333333333,0.23333333333333334,0.8571428571428571,0.0,0.4666666666666667,0.283069933249691
Beef,2,drift,0.4,0.05,aug_split_cp,19,11,110,30,5,0.9666666666666667,3.2666666666666666,0.16666666666666666,1.0,0.0,0.4666666666666667,0.283069933249691
Beef,2,drift,0.4,0.05,label_smooth_aug_cp,19,11,110,30,5,0.9666666666666667,3.2666666666666666,0.16666666666666666,1.0,0.0,0.4666666666666667,0.283069933249691
Beef,2,drift,0.4,0.05,confidence_weighted_cp,19,11,110,30,5,0.9333333333333333,3.1666666666666665,0.16666666666666666,1.0,0.0,0.4666666666666667,0.283069933249691
Beef,2,drift,0.4,0.05,fast_cp,19,11,110,30,5,0.9666666666666667,3.1,0.2,1.0,0.0,0.4666666666666667,0.283069933249691
Beef,2,drift,0.4,0.05,fast_cp_mixed,19,11,110,30,5,0.9666666666666667,3.1,0.2,1.0,0.0,0.4666666666666667,0.283069933249691
Plane,0,gap,0.05,0.05,clean_split_cp,68,37,370,105,7,0.9904761904761905,1.019047619047619,0.9809523809523809,0.9902912621359223,0.0,0.9809523809523809,0.024774293733351323
Plane,0,gap,0.05,0.05,aug_split_cp,68,37,370,105,7,0.9904761904761905,1.0095238095238095,0.9904761904761905,0.9903846153846154,0.0,0.9809523809523809,0.024774293733351323
Plane,0,gap,0.05,0.05,label_smooth_aug_cp,68,37,370,105,7,0.9904761904761905,1.0095238095238095,0.9904761904761905,0.9903846153846154,0.0,0.9809523809523809,0.024774293733351323
Plane,0,gap,0.05,0.05,confidence_weighted_cp,68,37,370,105,7,0.9904761904761905,1.0285714285714285,0.9714285714285714,0.9901960784313726,0.0,0.9809523809523809,0.024774293733351323
Plane,0,gap,0.05,0.05,fast_cp,68,37,370,105,7,0.9904761904761905,1.0095238095238095,0.9904761904761905,0.9903846153846154,0.0,0.9809523809523809,0.024774293733351323
Plane,0,gap,0.05,0.05,fast_cp_mixed,68,37,370,105,7,0.9904761904761905,1.0095238095238095,0.9904761904761905,0.9903846153846154,0.0,0.9809523809523809,0.024774293733351323
Plane,0,gap,0.1,0.05,clean_split_cp,68,37,370,105,7,1.0,1.0380952380952382,0.9619047619047619,1.0,0.0,0.9809523809523809,0.02731305934999298
Plane,0,gap,0.1,0.05,aug_split_cp,68,37,370,105,7,0.9904761904761905,1.0095238095238095,0.9904761904761905,0.9903846153846154,0.0,0.9809523809523809,0.02731305934999298
Plane,0,gap,0.1,0.05,label_smooth_aug_cp,68,37,370,105,7,0.9904761904761905,1.0095238095238095,0.9904761904761905,0.9903846153846154,0.0,0.9809523809523809,0.02731305934999298
Plane,0,gap,0.1,0.05,confidence_weighted_cp,68,37,370,105,7,0.9904761904761905,1.0952380952380953,0.9047619047619048,0.9894736842105263,0.0,0.9809523809523809,0.02731305934999298
Plane,0,gap,0.1,0.05,fast_cp,68,37,370,105,7,0.9904761904761905,1.019047619047619,0.9809523809523809,0.9902912621359223,0.0,0.9809523809523809,0.02731305934999298
Plane,0,gap,0.1,0.05,fast_cp_mixed,68,37,370,105,7,0.9904761904761905,1.019047619047619,0.9809523809523809,0.9902912621359223,0.0,0.9809523809523809,0.02731305934999298
Plane,0,gap,0.2,0.05,clean_split_cp,68,37,370,105,7,0.9142857142857143,1.2190476190476192,0.7904761904761904,0.9156626506024096,0.0,0.8476190476190476,0.08419352350412014
Plane,0,gap,0.2,0.05,aug_split_cp,68,37,370,105,7,0.8952380952380953,1.1047619047619048,0.8952380952380953,0.8936170212765957,0.0,0.8476190476190476,0.08419352350412014
Plane,0,gap,0.2,0.05,label_smooth_aug_cp,68,37,370,105,7,0.8952380952380953,1.1047619047619048,0.8952380952380953,0.8936170212765957,0.0,0.8476190476190476,0.08419352350412014
Plane,0,gap,0.2,0.05,confidence_weighted_cp,68,37,370,105,7,0.8761904761904762,1.161904761904762,0.8,0.8928571428571429,0.01904761904761905,0.8476190476190476,0.08419352350412014
Plane,0,gap,0.2,0.05,fast_cp,68,37,370,105,7,0.8952380952380953,1.1142857142857143,0.8857142857142857,0.8924731182795699,0.0,0.8476190476190476,0.08419352350412014
Plane,0,gap,0.2,0.05,fast_cp_mixed,68,37,370,105,7,0.8952380952380953,1.1142857142857143,0.8857142857142857,0.8924731182795699,0.0,0.8476190476190476,0.08419352350412014
Plane,0,noise,0.05,0.05,clean_split_cp,68,37,370,105,7,0.9904761904761905,1.0095238095238095,0.9904761904761905,0.9903846153846154,0.0,0.9904761904761905,0.005764876980725485
Plane,0,noise,0.05,0.05,aug_split_cp,68,37,370,105,7,0.9904761904761905,1.0,1.0,0.9904761904761905,0.0,0.9904761904761905,0.005764876980725485
Plane,0,noise,0.05,0.05,label_smooth_aug_cp,68,37,370,105,7,0.9904761904761905,1.0,1.0,0.9904761904761905,0.0,0.9904761904761905,0.005764876980725485
Plane,0,noise,0.05,0.05,confidence_weighted_cp,68,37,370,105,7,1.0,1.0476190476190477,0.9523809523809523,1.0,0.0,0.9904761904761905,0.005764876980725485
Plane,0,noise,0.05,0.05,fast_cp,68,37,370,105,7,0.9904761904761905,1.0,1.0,0.9904761904761905,0.0,0.9904761904761905,0.005764876980725485
Plane,0,noise,0.05,0.05,fast_cp_mixed,68,37,370,105,7,0.9904761904761905,1.0,1.0,0.9904761904761905,0.0,0.9904761904761905,0.005764876980725485
Plane,0,noise,0.1,0.05,clean_split_cp,68,37,370,105,7,0.9904761904761905,1.0761904761904761,0.9238095238095239,0.9896907216494846,0.0,0.9904761904761905,0.03423394028815764
Plane,0,noise,0.1,0.05,aug_split_cp,68,37,370,105,7,0.9904761904761905,1.0285714285714285,0.9714285714285714,0.9901960784313726,0.0,0.9904761904761905,0.03423394028815764
Plane,0,noise,0.1,0.05,label_smooth_aug_cp,68,37,370,105,7,0.9904761904761905,1.0285714285714285,0.9714285714285714,0.9901960784313726,0.0,0.9904761904761905,0.03423394028815764
Plane,0,noise,0.1,0.05,confidence_weighted_cp,68,37,370,105,7,0.9904761904761905,1.1238095238095238,0.8761904761904762,0.9891304347826086,0.0,0.9904761904761905,0.03423394028815764
Plane,0,noise,0.1,0.05,fast_cp,68,37,370,105,7,0.9904761904761905,1.0476190476190477,0.9523809523809523,0.99,0.0,0.9904761904761905,0.03423394028815764
Plane,0,noise,0.1,0.05,fast_cp_mixed,68,37,370,105,7,0.9904761904761905,1.0380952380952382,0.9619047619047619,0.9900990099009901,0.0,0.9904761904761905,0.03423394028815764
Plane,0,noise,0.2,0.05,clean_split_cp,68,37,370,105,7,0.8666666666666667,1.2952380952380953,0.7523809523809524,0.8227848101265823,0.0,0.7714285714285715,0.16450319046913814
Plane,0,noise,0.2,0.05,aug_split_cp,68,37,370,105,7,0.8380952380952381,1.1428571428571428,0.8571428571428571,0.8111111111111111,0.0,0.7714285714285715,0.16450319046913814
Plane,0,noise,0.2,0.05,label_smooth_aug_cp,68,37,370,105,7,0.8380952380952381,1.1428571428571428,0.8571428571428571,0.8111111111111111,0.0,0.7714285714285715,0.16450319046913814
Plane,0,noise,0.2,0.05,confidence_weighted_cp,68,37,370,105,7,0.819047619047619,1.1047619047619048,0.819047619047619,0.8255813953488372,0.0380952380952381,0.7714285714285715,0.16450319046913814
Plane,0,noise,0.2,0.05,fast_cp,68,37,370,105,7,0.8476190476190476,1.161904761904762,0.8380952380952381,0.8181818181818182,0.0,0.7714285714285715,0.16450319046913814
Plane,0,noise,0.2,0.05,fast_cp_mixed,68,37,370,105,7,0.8380952380952381,1.1523809523809523,0.8476190476190476,0.8089887640449438,0.0,0.7714285714285715,0.16450319046913814
Plane,0,drift,0.1,0.05,clean_split_cp,68,37,370,105,7,0.9904761904761905,1.0095238095238095,0.9904761904761905,0.9903846153846154,0.0,0.9904761904761905,0.01292946515654008
Plane,0,drift,0.1,0.05,aug_split_cp,68,37,370,105,7,0.9904761904761905,1.0,1.0,0.9904761904761905,0.0,0.9904761904761905,0.01292946515654008
Plane,0,drift,0.1,0.05,label_smooth_aug_cp,68,37,370,105,7,0.9904761904761905,1.0,1.0,0.9904761904761905,0.0,0.9904761904761905,0.01292946515654008
Plane,0,drift,0.1,0.05,confidence_weighted_cp,68,37,370,105,7,0.9904761904761905,1.0380952380952382,0.9619047619047619,0.9900990099009901,0.0,0.9904761904761905,0.01292946515654008
Plane,0,drift,0.1,0.05,fast_cp,68,37,370,105,7,0.9904761904761905,1.0,1.0,0.9904761904761905,0.0,0.9904761904761905,0.01292946515654008
Plane,0,drift,0.1,0.05,fast_cp_mixed,68,37,370,105,7,0.9904761904761905,1.0,1.0,0.9904761904761905,0.0,0.9904761904761905,0.01292946515654008
Plane,0,drift,0.2,0.05,clean_split_cp,68,37,370,105,7,0.9904761904761905,1.0,1.0,0.9904761904761905,0.0,0.9904761904761905,0.020510553443591963
Plane,0,drift,0.2,0.05,aug_split_cp,68,37,370,105,7,0.9904761904761905,1.0,1.0,0.9904761904761905,0.0,0.9904761904761905,0.020510553443591963
Plane,0,drift,0.2,0.05,label_smooth_aug_cp,68,37,370,105,7,0.9904761904761905,1.0,1.0,0.9904761904761905,0.0,0.9904761904761905,0.020510553443591963
Plane,0,drift,0.2,0.05,confidence_weighted_cp,68,37,370,105,7,1.0,1.0761904761904761,0.9238095238095239,1.0,0.0,0.9904761904761905,0.020510553443591963
Plane,0,drift,0.2,0.05,fast_cp,68,37,370,105,7,0.9904761904761905,1.0,1.0,0.9904761904761905,0.0,0.9904761904761905,0.020510553443591963
Plane,0,drift,0.2,0.05,fast_cp_mixed,68,37,370,105,7,0.9904761904761905,1.0,1.0,0.9904761904761905,0.0,0.9904761904761905,0.020510553443591963
Plane,0,drift,0.4,0.05,clean_split_cp,68,37,370,105,7,0.9904761904761905,1.1047619047619048,0.9142857142857143,0.9895833333333334,0.0,0.9428571428571428,0.04353757727426276
Plane,0,drift,0.4,0.05,aug_split_cp,68,37,370,105,7,0.9619047619047619,1.0380952380952382,0.9619047619047619,0.9603960396039604,0.0,0.9428571428571428,0.04353757727426276
Plane,0,drift,0.4,0.05,label_smooth_aug_cp,68,37,370,105,7,0.9619047619047619,1.0380952380952382,0.9619047619047619,0.9603960396039604,0.0,0.9428571428571428,0.04353757727426276
Plane,0,drift,0.4,0.05,confidence_weighted_cp,68,37,370,105,7,0.9523809523809523,1.2285714285714286,0.7619047619047619,0.95,0.009523809523809525,0.9428571428571428,0.04353757727426276
Plane,0,drift,0.4,0.05,fast_cp,68,37,370,105,7,0.9619047619047619,1.0380952380952382,0.9619047619047619,0.9603960396039604,0.0,0.9428571428571428,0.04353757727426276
Plane,0,drift,0.4,0.05,fast_cp_mixed,68,37,370,105,7,0.9619047619047619,1.0380952380952382,0.9619047619047619,0.9603960396039604,0.0,0.9428571428571428,0.04353757727426276
Plane,1,gap,0.05,0.05,clean_split_cp,68,37,370,105,7,0.9428571428571428,0.9428571428571428,0.9428571428571428,1.0,0.05714285714285714,1.0,0.033550300903647925
Plane,1,gap,0.05,0.05,aug_split_cp,68,37,370,105,7,1.0,1.0285714285714285,0.9714285714285714,1.0,0.0,1.0,0.033550300903647925
Plane,1,gap,0.05,0.05,label_smooth_aug_cp,68,37,370,105,7,1.0,1.0285714285714285,0.9714285714285714,1.0,0.0,1.0,0.033550300903647925
Plane,1,gap,0.05,0.05,confidence_weighted_cp,68,37,370,105,7,1.0,1.0857142857142856,0.9333333333333333,1.0,0.0,1.0,0.033550300903647925
Plane,1,gap,0.05,0.05,fast_cp,68,37,370,105,7,1.0,1.0285714285714285,0.9714285714285714,1.0,0.0,1.0,0.033550300903647925
Plane,1,gap,0.05,0.05,fast_cp_mixed,68,37,370,105,7,1.0,1.0285714285714285,0.9714285714285714,1.0,0.0,1.0,0.033550300903647925
Plane,1,gap,0.1,0.05,clean_split_cp,68,37,370,105,7,0.9142857142857143,0.9142857142857143,0.9142857142857143,1.0,0.08571428571428572,0.9619047619047619,0.04691824042114834
Plane,1,gap,0.1,0.05,aug_split_cp,68,37,370,105,7,0.9714285714285714,1.019047619047619,0.9809523809523809,0.9805825242718447,0.0,0.9619047619047619,0.04691824042114834
Plane,1,gap,0.1,0.05,label_smooth_aug_cp,68,37,370,105,7,0.9714285714285714,1.019047619047619,0.9809523809523809,0.9805825242718447,0.0,0.9619047619047619,0.04691824042114834
Plane,1,gap,0.1,0.05,confidence_weighted_cp,68,37,370,105,7,0.9904761904761905,1.1428571428571428,0.9047619047619048,1.0,0.0,0.9619047619047619,0.04691824042114834
Plane,1,gap,0.1,0.05,fast_cp,68,37,370,105,7,0.9714285714285714,1.0476190476190477,0.9619047619047619,0.9801980198019802,0.0,0.9619047619047619,0.04691824042114834
Plane,1,gap,0.1,0.05,fast_cp_mixed,68,37,370,105,7,0.9714285714285714,1.0380952380952382,0.9619047619047619,0.9801980198019802,0.0,0.9619047619047619,0.04691824042114834
Plane,1,gap,0.2,0.05,clean_split_cp,68,37,370,105,7,0.7333333333333333,0.7619047619047619,0.7619047619047619,0.9625,0.23809523809523808,0.8666666666666667,0.06817534771671206
Plane,1,gap,0.2,0.05,aug_split_cp,68,37,370,105,7,0.9047619047619048,1.1142857142857143,0.8857142857142857,0.9032258064516129,0.0,0.8666666666666667,0.06817534771671206
Plane,1,gap,0.2,0.05,label_smooth_aug_cp,68,37,370,105,7,0.9047619047619048,1.1142857142857143,0.8857142857142857,0.9032258064516129,0.0,0.8666666666666667,0.06817534771671206
Plane,1,gap,0.2,0.05,confidence_weighted_cp,68,37,370,105,7,0.9333333333333333,1.3238095238095238,0.7619047619047619,0.95,0.0,0.8666666666666667,0.06817534771671206
Plane,1,gap,0.2,0.05,fast_cp,68,37,370,105,7,0.9238095238095239,1.2380952380952381,0.8285714285714286,0.9195402298850575,0.0,0.8666666666666667,0.06817534771671206
Plane,1,gap,0.2,0.05,fast_cp_mixed,68,37,370,105,7,0.9238095238095239,1.2190476190476192,0.8285714285714286,0.9195402298850575,0.0,0.8666666666666667,0.06817534771671206
Plane,1,noise,0.05,0.05,clean_split_cp,68,37,370,105,7,0.9428571428571428,0.9428571428571428,0.9428571428571428,1.0,0.05714285714285714,1.0,0.03017938039433376
Plane,1,noise,0.05,0.05,aug_split_cp,68,37,370,105,7,1.0,1.0285714285714285,0.9714285714285714,1.0,0.0,1.0,0.03017938039433376
Plane,1,noise,0.05,0.05,label_smooth_aug_cp,68,37,370,105,7,1.0,1.0285714285714285,0.9714285714285714,1.0,0.0,1.0,0.03017938039433376
Plane,1,noise,0.05,0.05,confidence_weighted_cp,68,37,370,105,7,1.0,1.0857142857142856,0.9428571428571428,1.0,0.0,1.0,0.03017938039433376
Plane,1,noise,0.05,0.05,fast_cp,68,37,370,105,7,1.0,1.019047619047619,0.9809523809523809,1.0,0.0,1.0,0.03017938039433376
Plane,1,noise,0.05,0.05,fast_cp_mixed,68,37,370,105,7,1.0,1.019047619047619,0.9809523809523809,1.0,0.0,1.0,0.03017938039433376
Plane,1,noise,0.1,0.05,clean_split_cp,68,37,370,105,7,0.9714285714285714,0.9809523809523809,0.9809523809523809,0.9902912621359223,0.01904761904761905,0.9904761904761905,0.022387425622296404
Plane,1,noise,0.1,0.05,aug_split_cp,68,37,370,105,7,0.9904761904761905,1.0095238095238095,0.9904761904761905,0.9903846153846154,0.0,0.9904761904761905,0.022387425622296404
Plane,1,noise,0.1,0.05,label_smooth_aug_cp,68,37,370,105,7,0.9904761904761905,1.0095238095238095,0.9904761904761905,0.9903846153846154,0.0,0.9904761904761905,0.022387425622296404
Plane,1,noise,0.1,0.05,confidence_weighted_cp,68,37,370,105,7,0.9904761904761905,1.0285714285714285,0.9714285714285714,0.9901960784313726,0.0,0.9904761904761905,0.022387425622296404
Plane,1,noise,0.1,0.05,fast_cp,68,37,370,105,7,0.9904761904761905,1.0095238095238095,0.9904761904761905,0.9903846153846154,0.0,0.9904761904761905,0.022387425622296404
Plane,1,noise,0.1,0.05,fast_cp_mixed,68,37,370,105,7,0.9904761904761905,1.0095238095238095,0.9904761904761905,0.9903846153846154,0.0,0.9904761904761905,0.022387425622296404
Plane,1,noise,0.2,0.05,clean_split_cp,68,37,370,105,7,0.7047619047619048,0.7714285714285715,0.7714285714285715,0.9135802469135802,0.22857142857142856,0.8285714285714286,0.07931949808846339
Plane,1,noise,0.2,0.05,aug_split_cp,68,37,370,105,7,0.8666666666666667,1.1333333333333333,0.8666666666666667,0.8681318681318682,0.0,0.8285714285714286,0.07931949808846339
Plane,1,noise,0.2,0.05,label_smooth_aug_cp,68,37,370,105,7,0.8666666666666667,1.1333333333333333,0.8666666666666667,0.8681318681318682,0.0,0.8285714285714286,0.07931949808846339
Plane,1,noise,0.2,0.05,confidence_weighted_cp,68,37,370,105,7,0.9523809523809523,1.361904761904762,0.7333333333333333,0.935064935064935,0.0,0.8285714285714286,0.07931949808846339
Plane,1,noise,0.2,0.05,fast_cp,68,37,370,105,7,0.8952380952380953,1.1904761904761905,0.8380952380952381,0.8863636363636364,0.0,0.8285714285714286,0.07931949808846339
Plane,1,noise,0.2,0.05,fast_cp_mixed,68,37,370,105,7,0.8857142857142857,1.161904761904762,0.8380952380952381,0.8863636363636364,0.0,0.8285714285714286,0.07931949808846339
Plane,1,drift,0.1,0.05,clean_split_cp,68,37,370,105,7,0.9333333333333333,0.9333333333333333,0.9333333333333333,1.0,0.06666666666666667,1.0,0.03236630419746562
Plane,1,drift,0.1,0.05,aug_split_cp,68,37,370,105,7,1.0,1.0095238095238095,0.9904761904761905,1.0,0.0,1.0,0.03236630419746562
Plane,1,drift,0.1,0.05,label_smooth_aug_cp,68,37,370,105,7,1.0,1.0095238095238095,0.9904761904761905,1.0,0.0,1.0,0.03236630419746562
Plane,1,drift,0.1,0.05,confidence_weighted_cp,68,37,370,105,7,1.0,1.1047619047619048,0.9238095238095239,1.0,0.0,1.0,0.03236630419746562
Plane,1,drift,0.1,0.05,fast_cp,68,37,370,105,7,1.0,1.0095238095238095,0.9904761904761905,1.0,0.0,1.0,0.03236630419746562
Plane,1,drift,0.1,0.05,fast_cp_mixed,68,37,370,105,7,1.0,1.0095238095238095,0.9904761904761905,1.0,0.0,1.0,0.03236630419746562
Plane,1,drift,0.2,0.05,clean_split_cp,68,37,370,105,7,0.9523809523809523,0.9523809523809523,0.9523809523809523,1.0,0.047619047619047616,1.0,0.038062261326152494
Plane,1,drift,0.2,0.05,aug_split_cp,68,37,370,105,7,1.0,1.0,1.0,1.0,0.0,1.0,0.038062261326152494
Plane,1,drift,0.2,0.05,label_smooth_aug_cp,68,37,370,105,7,1.0,1.0,1.0,1.0,0.0,1.0,0.038062261326152494
Plane,1,drift,0.2,0.05,confidence_weighted_cp,68,37,370,105,7,1.0,1.0761904761904761,0.9523809523809523,1.0,0.0,1.0,0.038062261326152494
Plane,1,drift,0.2,0.05,fast_cp,68,37,370,105,7,1.0,1.0,1.0,1.0,0.0,1.0,0.038062261326152494
Plane,1,drift,0.2,0.05,fast_cp_mixed,68,37,370,105,7,1.0,1.0,1.0,1.0,0.0,1.0,0.038062261326152494
Plane,1,drift,0.4,0.05,clean_split_cp,68,37,370,105,7,0.819047619047619,0.819047619047619,0.819047619047619,1.0,0.18095238095238095,0.9142857142857143,0.06113752911639214
Plane,1,drift,0.4,0.05,aug_split_cp,68,37,370,105,7,0.9428571428571428,1.0857142857142856,0.9142857142857143,0.9583333333333334,0.0,0.9142857142857143,0.06113752911639214
Plane,1,drift,0.4,0.05,label_smooth_aug_cp,68,37,370,105,7,0.9428571428571428,1.0857142857142856,0.9142857142857143,0.9583333333333334,0.0,0.9142857142857143,0.06113752911639214
Plane,1,drift,0.4,0.05,confidence_weighted_cp,68,37,370,105,7,0.9809523809523809,1.2857142857142858,0.7904761904761904,1.0,0.0,0.9142857142857143,0.06113752911639214
Plane,1,drift,0.4,0.05,fast_cp,68,37,370,105,7,0.9714285714285714,1.1714285714285715,0.8476190476190476,1.0,0.0,0.9142857142857143,0.06113752911639214
Plane,1,drift,0.4,0.05,fast_cp_mixed,68,37,370,105,7,0.9523809523809523,1.1523809523809523,0.8476190476190476,1.0,0.0,0.9142857142857143,0.06113752911639214
Plane,2,gap,0.05,0.05,clean_split_cp,68,37,370,105,7,0.9619047619047619,0.9619047619047619,0.9619047619047619,1.0,0.0380952380952381,1.0,0.02278122145088341
Plane,2,gap,0.05,0.05,aug_split_cp,68,37,370,105,7,1.0,1.0,1.0,1.0,0.0,1.0,0.02278122145088341
Plane,2,gap,0.05,0.05,label_smooth_aug_cp,68,37,370,105,7,1.0,1.0,1.0,1.0,0.0,1.0,0.02278122145088341
Plane,2,gap,0.05,0.05,confidence_weighted_cp,68,37,370,105,7,1.0,1.0,1.0,1.0,0.0,1.0,0.02278122145088341
Plane,2,gap,0.05,0.05,fast_cp,68,37,370,105,7,1.0,1.019047619047619,0.9809523809523809,1.0,0.0,1.0,0.02278122145088341
Plane,2,gap,0.05,0.05,fast_cp_mixed,68,37,370,105,7,1.0,1.019047619047619,0.9809523809523809,1.0,0.0,1.0,0.02278122145088341
Plane,2,gap,0.1,0.05,clean_split_cp,68,37,370,105,7,0.9428571428571428,0.9428571428571428,0.9428571428571428,1.0,0.05714285714285714,0.9809523809523809,0.031185870074353424
Plane,2,gap,0.1,0.05,aug_split_cp,68,37,370,105,7,0.9809523809523809,1.0,1.0,0.9809523809523809,0.0,0.9809523809523809,0.031185870074353424
Plane,2,gap,0.1,0.05,label_smooth_aug_cp,68,37,370,105,7,0.9809523809523809,1.0,1.0,0.9809523809523809,0.0,0.9809523809523809,0.031185870074353424
Plane,2,gap,0.1,0.05,confidence_weighted_cp,68,37,370,105,7,0.9809523809523809,1.0095238095238095,0.9714285714285714,0.9901960784313726,0.009523809523809525,0.9809523809523809,0.031185870074353424
Plane,2,gap,0.1,0.05,fast_cp,68,37,370,105,7,0.9904761904761905,1.019047619047619,0.9809523809523809,0.9902912621359223,0.0,0.9809523809523809,0.031185870074353424
Plane,2,gap,0.1,0.05,fast_cp_mixed,68,37,370,105,7,0.9904761904761905,1.019047619047619,0.9809523809523809,0.9902912621359223,0.0,0.9809523809523809,0.031185870074353424
Plane,2,gap,0.2,0.05,clean_split_cp,68,37,370,105,7,0.780952380952381,0.7904761904761904,0.7904761904761904,0.9879518072289156,0.20952380952380953,0.9238095238095239,0.08227213492452755
Plane,2,gap,0.2,0.05,aug_split_cp,68,37,370,105,7,0.9142857142857143,0.9904761904761905,0.9904761904761905,0.9230769230769231,0.009523809523809525,0.9238095238095239,0.08227213492452755
Plane,2,gap,0.2,0.05,label_smooth_aug_cp,68,37,370,105,7,0.9142857142857143,0.9904761904761905,0.9904761904761905,0.9230769230769231,0.009523809523809525,0.9238095238095239,0.08227213492452755
Plane,2,gap,0.2,0.05,confidence_weighted_cp,68,37,370,105,7,0.9047619047619048,1.019047619047619,0.8952380952380953,0.9574468085106383,0.05714285714285714,0.9238095238095239,0.08227213492452755
Plane,2,gap,0.2,0.05,fast_cp,68,37,370,105,7,0.9714285714285714,1.1523809523809523,0.9047619047619048,0.968421052631579,0.0,0.9238095238095239,0.08227213492452755
Plane,2,gap,0.2,0.05,fast_cp_mixed,68,37,370,105,7,0.9523809523809523,1.0666666666666667,0.9333333333333333,0.9693877551020408,0.0,0.9238095238095239,0.08227213492452755
Plane,2,noise,0.05,0.05,clean_split_cp,68,37,370,105,7,0.9714285714285714,0.9714285714285714,0.9714285714285714,1.0,0.02857142857142857,0.9904761904761905,0.016382105742357208
Plane,2,noise,0.05,0.05,aug_split_cp,68,37,370,105,7,0.9904761904761905,1.0,1.0,0.9904761904761905,0.0,0.9904761904761905,0.016382105742357208
Plane,2,noise,0.05,0.05,label_smooth_aug_cp,68,37,370,105,7,0.9904761904761905,1.0,1.0,0.9904761904761905,0.0,0.9904761904761905,0.016382105742357208
Plane,2,noise,0.05,0.05,confidence_weighted_cp,68,37,370,105,7,0.9809523809523809,0.9904761904761905,0.9904761904761905,0.9903846153846154,0.009523809523809525,0.9904761904761905,0.016382105742357208
Plane,2,noise,0.05,0.05,fast_cp,68,37,370,105,7,0.9904761904761905,1.0,1.0,0.9904761904761905,0.0,0.9904761904761905,0.016382105742357208
Plane,2,noise,0.05,0.05,fast_cp_mixed,68,37,370,105,7,0.9904761904761905,1.0,1.0,0.9904761904761905,0.0,0.9904761904761905,0.016382105742357208
Plane,2,noise,0.1,0.05,clean_split_cp,68,37,370,105,7,0.9523809523809523,0.9619047619047619,0.9619047619047619,0.9900990099009901,0.0380952380952381,0.9809523809523809,0.0225604058273712
Plane,2,noise,0.1,0.05,aug_split_cp,68,37,370,105,7,0.9809523809523809,1.0,1.0,0.9809523809523809,0.0,0.9809523809523809,0.0225604058273712
Plane,2,noise,0.1,0.05,label_smooth_aug_cp,68,37,370,105,7,0.9809523809523809,1.0,1.0,0.9809523809523809,0.0,0.9809523809523809,0.0225604058273712
Plane,2,noise,0.1,0.05,confidence_weighted_cp,68,37,370,105,7,0.9809523809523809,1.0,0.9809523809523809,0.9902912621359223,0.009523809523809525,0.9809523809523809,0.0225604058273712
Plane,2,noise,0.1,0.05,fast_cp,68,37,370,105,7,0.9809523809523809,1.0,1.0,0.9809523809523809,0.0,0.9809523809523809,0.0225604058273712
Plane,2,noise,0.1,0.05,fast_cp_mixed,68,37,370,105,7,0.9809523809523809,1.0,1.0,0.9809523809523809,0.0,0.9809523809523809,0.0225604058273712
Plane,2,noise,0.2,0.05,clean_split_cp,68,37,370,105,7,0.6190476190476191,0.7523809523809524,0.7523809523809524,0.8227848101265823,0.24761904761904763,0.7904761904761904,0.16534345149095228
Plane,2,noise,0.2,0.05,aug_split_cp,68,37,370,105,7,0.819047619047619,1.0380952380952382,0.9619047619047619,0.8118811881188119,0.0,0.7904761904761904,0.16534345149095228
Plane,2,noise,0.2,0.05,label_smooth_aug_cp,68,37,370,105,7,0.819047619047619,1.0380952380952382,0.9619047619047619,0.8118811881188119,0.0,0.7904761904761904,0.16534345149095228
Plane,2,noise,0.2,0.05,confidence_weighted_cp,68,37,370,105,7,0.8285714285714286,1.0666666666666667,0.9142857142857143,0.8229166666666666,0.009523809523809525,0.7904761904761904,0.16534345149095228
Plane,2,noise,0.2,0.05,fast_cp,68,37,370,105,7,0.8380952380952381,1.161904761904762,0.8380952380952381,0.8068181818181818,0.0,0.7904761904761904,0.16534345149095228
Plane,2,noise,0.2,0.05,fast_cp_mixed,68,37,370,105,7,0.8380952380952381,1.1238095238095238,0.8761904761904762,0.8152173913043478,0.0,0.7904761904761904,0.16534345149095228
Plane,2,drift,0.1,0.05,clean_split_cp,68,37,370,105,7,0.9619047619047619,0.9619047619047619,0.9619047619047619,1.0,0.0380952380952381,1.0,0.022257602055487255
Plane,2,drift,0.1,0.05,aug_split_cp,68,37,370,105,7,1.0,1.0095238095238095,0.9904761904761905,1.0,0.0,1.0,0.022257602055487255
Plane,2,drift,0.1,0.05,label_smooth_aug_cp,68,37,370,105,7,1.0,1.0095238095238095,0.9904761904761905,1.0,0.0,1.0,0.022257602055487255
Plane,2,drift,0.1,0.05,confidence_weighted_cp,68,37,370,105,7,1.0,1.0476190476190477,0.9809523809523809,1.0,0.0,1.0,0.022257602055487255
Plane,2,drift,0.1,0.05,fast_cp,68,37,370,105,7,1.0,1.0095238095238095,0.9904761904761905,1.0,0.0,1.0,0.022257602055487255
Plane,2,drift,0.1,0.05,fast_cp_mixed,68,37,370,105,7,1.0,1.0095238095238095,0.9904761904761905,1.0,0.0,1.0,0.022257602055487255
Plane,2,drift,0.2,0.05,clean_split_cp,68,37,370,105,7,0.9714285714285714,0.9714285714285714,0.9714285714285714,1.0,0.02857142857142857,0.9904761904761905,0.012154596423951749
Plane,2,drift,0.2,0.05,aug_split_cp,68,37,370,105,7,0.9904761904761905,1.0,1.0,0.9904761904761905,0.0,0.9904761904761905,0.012154596423951749
Plane,2,drift,0.2,0.05,label_smooth_aug_cp,68,37,370,105,7,0.9904761904761905,1.0,1.0,0.9904761904761905,0.0,0.9904761904761905,0.012154596423951749
Plane,2,drift,0.2,0.05,confidence_weighted_cp,68,37,370,105,7,1.0,1.0571428571428572,0.9714285714285714,1.0,0.0,0.9904761904761905,0.012154596423951749
Plane,2,drift,0.2,0.05,fast_cp,68,37,370,105,7,0.9904761904761905,1.0,1.0,0.9904761904761905,0.0,0.9904761904761905,0.012154596423951749
Plane,2,drift,0.2,0.05,fast_cp_mixed,68,37,370,105,7,0.9904761904761905,1.0,1.0,0.9904761904761905,0.0,0.9904761904761905,0.012154596423951749
Plane,2,drift,0.4,0.05,clean_split_cp,68,37,370,105,7,0.9428571428571428,0.9523809523809523,0.9523809523809523,0.99,0.047619047619047616,0.9809523809523809,0.04108071915047244
Plane,2,drift,0.4,0.05,aug_split_cp,68,37,370,105,7,0.9809523809523809,1.0,1.0,0.9809523809523809,0.0,0.9809523809523809,0.04108071915047244
Plane,2,drift,0.4,0.05,label_smooth_aug_cp,68,37,370,105,7,0.9809523809523809,1.0,1.0,0.9809523809523809,0.0,0.9809523809523809,0.04108071915047244
Plane,2,drift,0.4,0.05,confidence_weighted_cp,68,37,370,105,7,0.9809523809523809,1.0095238095238095,0.9904761904761905,0.9807692307692307,0.0,0.9809523809523809,0.04108071915047244
Plane,2,drift,0.4,0.05,fast_cp,68,37,370,105,7,0.9904761904761905,1.019047619047619,0.9809523809523809,0.9902912621359223,0.0,0.9809523809523809,0.04108071915047244
Plane,2,drift,0.4,0.05,fast_cp_mixed,68,37,370,105,7,0.9904761904761905,1.0095238095238095,0.9904761904761905,0.9903846153846154,0.0,0.9809523809523809,0.04108071915047244
FaceFour,0,gap,0.05,0.05,clean_split_cp,15,9,90,88,4,0.9886363636363636,2.3181818181818183,0.3181818181818182,0.9642857142857143,0.0,0.6704545454545454,0.13350028667908262
FaceFour,0,gap,0.05,0.05,aug_split_cp,15,9,90,88,4,0.9886363636363636,2.4545454545454546,0.29545454545454547,0.9615384615384616,0.0,0.6704545454545454,0.13350028667908262
FaceFour,0,gap,0.05,0.05,label_smooth_aug_cp,15,9,90,88,4,0.9886363636363636,2.4545454545454546,0.29545454545454547,0.9615384615384616,0.0,0.6704545454545454,0.13350028667908262
FaceFour,0,gap,0.05,0.05,confidence_weighted_cp,15,9,90,88,4,0.8863636363636364,1.7954545454545454,0.375,0.8181818181818182,0.0,0.6704545454545454,0.13350028667908262
FaceFour,0,gap,0.05,0.05,fast_cp,15,9,90,88,4,0.9545454545454546,2.2613636363636362,0.3409090909090909,0.9,0.0,0.6704545454545454,0.13350028667908262
FaceFour,0,gap,0.05,0.05,fast_cp_mixed,15,9,90,88,4,0.9659090909090909,2.340909090909091,0.3181818181818182,0.9285714285714286,0.0,0.6704545454545454,0.13350028667908262
FaceFour,0,gap,0.1,0.05,clean_split_cp,15,9,90,88,4,0.9431818181818182,2.352272727272727,0.22727272727272727,0.85,0.0,0.6818181818181818,0.13930305858274072
FaceFour,0,gap,0.1,0.05,aug_split_cp,15,9,90,88,4,0.9431818181818182,2.4431818181818183,0.2159090909090909,0.8421052631578947,0.0,0.6818181818181818,0.13930305858274072
FaceFour,0,gap,0.1,0.05,label_smooth_aug_cp,15,9,90,88,4,0.9431818181818182,2.4431818181818183,0.2159090909090909,0.8421052631578947,0.0,0.6818181818181818,0.13930305858274072
FaceFour,0,gap,0.1,0.05,confidence_weighted_cp,15,9,90,88,4,0.8522727272727273,1.9545454545454546,0.2727272727272727,0.7916666666666666,0.011363636363636364,0.6818181818181818,0.13930305858274072
FaceFour,0,gap,0.1,0.05,fast_cp,15,9,90,88,4,0.9204545454545454,2.3295454545454546,0.23863636363636365,0.8571428571428571,0.0,0.6818181818181818,0.13930305858274072
FaceFour,0,gap,0.1,0.05,fast_cp_mixed,15,9,90,88,4,0.9318181818181818,2.375,0.22727272727272727,0.85,0.0,0.6818181818181818,0.13930305858274072
FaceFour,0,gap,0.2,0.05,clean_split_cp,15,9,90,88,4,0.9659090909090909,2.6931818181818183,0.14772727272727273,0.9230769230769231,0.0,0.7159090909090909,0.15631791234240267
FaceFour,0,gap,0.2,0.05,aug_split_cp,15,9,90,88,4,0.9659090909090909,2.840909090909091,0.125,0.9090909090909091,0.0,0.7159090909090909,0.15631791234240267
FaceFour,0,gap,0.2,0.05,label_smooth_aug_cp,15,9,90,88,4,0.9659090909090909,2.840909090909091,0.125,0.9090909090909091,0.0,0.7159090909090909,0.15631791234240267
FaceFour,0,gap,0.2,0.05,confidence_weighted_cp,15,9,90,88,4,0.9318181818181818,2.3295454545454546,0.14772727272727273,0.9230769230769231,0.0,0.7159090909090909,0.15631791234240267
FaceFour,0,gap,0.2,0.05,fast_cp,15,9,90,88,4,0.9204545454545454,2.6363636363636362,0.20454545454545456,0.7777777777777778,0.0,0.7159090909090909,0.15631791234240267
FaceFour,0,gap,0.2,0.05,fast_cp_mixed,15,9,90,88,4,0.9204545454545454,2.6704545454545454,0.19318181818181818,0.7647058823529411,0.0,0.7159090909090909,0.15631791234240267
FaceFour,0,noise,0.05,0.05,clean_split_cp,15,9,90,88,4,0.9772727272727273,2.1931818181818183,0.3409090909090909,0.9666666666666667,0.0,0.7386363636363636,0.14592310549265253
FaceFour,0,noise,0.05,0.05,aug_split_cp,15,9,90,88,4,0.9772727272727273,2.3863636363636362,0.2727272727272727,0.9583333333333334,0.0,0.7386363636363636,0.14592310549265253
FaceFour,0,noise,0.05,0.05,label_smooth_aug_cp,15,9,90,88,4,0.9772727272727273,2.3863636363636362,0.2727272727272727,0.9583333333333334,0.0,0.7386363636363636,0.14592310549265253
FaceFour,0,noise,0.05,0.05,confidence_weighted_cp,15,9,90,88,4,0.9431818181818182,1.7954545454545454,0.3409090909090909,0.9,0.0,0.7386363636363636,0.14592310549265253
FaceFour,0,noise,0.05,0.05,fast_cp,15,9,90,88,4,0.9545454545454546,2.1931818181818183,0.38636363636363635,0.9117647058823529,0.0,0.7386363636363636,0.14592310549265253
FaceFour,0,noise,0.05,0.05,fast_cp_mixed,15,9,90,88,4,0.9545454545454546,2.25,0.3522727272727273,0.9032258064516129,0.0,0.7386363636363636,0.14592310549265253
FaceFour,0,noise,0.1,0.05,clean_split_cp,15,9,90,88,4,0.9659090909090909,2.284090909090909,0.32954545454545453,0.9310344827586207,0.0,0.7386363636363636,0.13853829659065536
FaceFour,0,noise,0.1,0.05,aug_split_cp,15,9,90,88,4,0.9772727272727273,2.397727272727273,0.29545454545454547,0.9230769230769231,0.0,0.7386363636363636,0.13853829659065536
FaceFour,0,noise,0.1,0.05,label_smooth_aug_cp,15,9,90,88,4,0.9772727272727273,2.397727272727273,0.29545454545454547,0.9230769230769231,0.0,0.7386363636363636,0.13853829659065536
FaceFour,0,noise,0.1,0.05,confidence_weighted_cp,15,9,90,88,4,0.9318181818181818,1.8181818181818181,0.3409090909090909,0.8666666666666667,0.0,0.7386363636363636,0.13853829659065536
FaceFour,0,noise,0.1,0.05,fast_cp,15,9,90,88,4,0.9545454545454546,2.3295454545454546,0.3181818181818182,0.8928571428571429,0.0,0.7386363636363636,0.13853829659065536
FaceFour,0,noise,0.1,0.05,fast_cp_mixed,15,9,90,88,4,0.9545454545454546,2.340909090909091,0.3181818181818182,0.8928571428571429,0.0,0.7386363636363636,0.13853829659065536
FaceFour,0,noise,0.2,0.05,clean_split_cp,15,9,90,88,4,0.9772727272727273,2.375,0.2840909090909091,0.92,0.0,0.75,0.08987194721420583
FaceFour,0,noise,0.2,0.05,aug_split_cp,15,9,90,88,4,0.9772727272727273,2.522727272727273,0.26136363636363635,0.9130434782608695,0.0,0.75,0.08987194721420583
FaceFour,0,noise,0.2,0.05,label_smooth_aug_cp,15,9,90,88,4,0.9772727272727273,2.522727272727273,0.26136363636363635,0.9130434782608695,0.0,0.75,0.08987194721420583
FaceFour,0,noise,0.2,0.05,confidence_weighted_cp,15,9,90,88,4,0.9545454545454546,1.9659090909090908,0.29545454545454547,0.8846153846153846,0.0,0.75,0.08987194721420583
FaceFour,0,noise,0.2,0.05,fast_cp,15,9,90,88,4,0.9772727272727273,2.4545454545454546,0.2727272727272727,0.9166666666666666,0.0,0.75,0.08987194721420583
FaceFour,0,noise,0.2,0.05,fast_cp_mixed,15,9,90,88,4,0.9772727272727273,2.465909090909091,0.2727272727272727,0.9166666666666666,0.0,0.75,0.08987194721420583
FaceFour,0,drift,0.1,0.05,clean_split_cp,15,9,90,88,4,0.9659090909090909,2.2386363636363638,0.36363636363636365,0.9375,0.0,0.75,0.14712285982223486
FaceFour,0,drift,0.1,0.05,aug_split_cp,15,9,90,88,4,0.9772727272727273,2.3636363636363638,0.2840909090909091,0.96,0.0,0.75,0.14712285982223486
FaceFour,0,drift,0.1,0.05,label_smooth_aug_cp,15,9,90,88,4,0.9772727272727273,2.3636363636363638,0.2840909090909091,0.96,0.0,0.75,0.14712285982223486
FaceFour,0,drift,0.1,0.05,confidence_weighted_cp,15,9,90,88,4,0.9318181818181818,1.8409090909090908,0.3522727272727273,0.8709677419354839,0.0,0.75,0.14712285982223486
FaceFour,0,drift,0.1,0.05,fast_cp,15,9,90,88,4,0.9545454545454546,2.227272727272727,0.375,0.9090909090909091,0.0,0.75,0.14712285982223486
FaceFour,0,drift,0.1,0.05,fast_cp_mixed,15,9,90,88,4,0.9545454545454546,2.2613636363636362,0.3522727272727273,0.9032258064516129,0.0,0.75,0.14712285982223486
FaceFour,0,drift,0.2,0.05,clean_split_cp,15,9,90,88,4,0.9659090909090909,2.272727272727273,0.2840909090909091,0.92,0.0,0.7386363636363636,0.1321759770534568
FaceFour,0,drift,0.2,0.05,aug_split_cp,15,9,90,88,4,0.9772727272727273,2.4545454545454546,0.23863636363636365,0.9523809523809523,0.0,0.7386363636363636,0.1321759770534568
FaceFour,0,drift,0.2,0.05,label_smooth_aug_cp,15,9,90,88,4,0.9772727272727273,2.4545454545454546,0.23863636363636365,0.9523809523809523,0.0,0.7386363636363636,0.1321759770534568
FaceFour,0,drift,0.2,0.05,confidence_weighted_cp,15,9,90,88,4,0.9545454545454546,1.8863636363636365,0.3068181818181818,0.8888888888888888,0.0,0.7386363636363636,0.1321759770534568
FaceFour,0,drift,0.2,0.05,fast_cp,15,9,90,88,4,0.9659090909090909,2.3295454545454546,0.29545454545454547,0.9230769230769231,0.0,0.7386363636363636,0.1321759770534568
FaceFour,0,drift,0.2,0.05,fast_cp_mixed,15,9,90,88,4,0.9659090909090909,2.352272727272727,0.2840909090909091,0.92,0.0,0.7386363636363636,0.1321759770534568
FaceFour,0,drift,0.4,0.05,clean_split_cp,15,9,90,88,4,0.9772727272727273,2.340909090909091,0.25,1.0,0.0,0.7159090909090909,0.09828630395065414
FaceFour,0,drift,0.4,0.05,aug_split_cp,15,9,90,88,4,0.9772727272727273,2.5,0.22727272727272727,1.0,0.0,0.7159090909090909,0.09828630395065414
FaceFour,0,drift,0.4,0.05,label_smooth_aug_cp,15,9,90,88,4,0.9772727272727273,2.5,0.22727272727272727,1.0,0.0,0.7159090909090909,0.09828630395065414
FaceFour,0,drift,0.4,0.05,confidence_weighted_cp,15,9,90,88,4,0.9318181818181818,1.8295454545454546,0.3068181818181818,0.8888888888888888,0.0,0.7159090909090909,0.09828630395065414
FaceFour,0,drift,0.4,0.05,fast_cp,15,9,90,88,4,0.9659090909090909,2.340909090909091,0.26136363636363635,0.9130434782608695,0.0,0.7159090909090909,0.09828630395065414
FaceFour,0,drift,0.4,0.05,fast_cp_mixed,15,9,90,88,4,0.9659090909090909,2.3636363636363638,0.26136363636363635,0.9130434782608695,0.0,0.7159090909090909,0.09828630395065414
FaceFour,1,gap,0.05,0.05,clean_split_cp,15,9,90,88,4,0.9318181818181818,1.7045454545454546,0.48863636363636365,0.9069767441860465,0.0,0.8181818181818182,0.10841838847311394
FaceFour,1,gap,0.05,0.05,aug_split_cp,15,9,90,88,4,0.9545454545454546,2.022727272727273,0.375,0.9090909090909091,0.0,0.8181818181818182,0.10841838847311394
FaceFour,1,gap,0.05,0.05,label_smooth_aug_cp,15,9,90,88,4,0.9545454545454546,2.022727272727273,0.375,0.9090909090909091,0.0,0.8181818181818182,0.10841838847311394
FaceFour,1,gap,0.05,0.05,confidence_weighted_cp,15,9,90,88,4,0.9431818181818182,1.9659090909090908,0.375,0.9090909090909091,0.0,0.8181818181818182,0.10841838847311394
FaceFour,1,gap,0.05,0.05,fast_cp,15,9,90,88,4,0.9659090909090909,1.9659090909090908,0.38636363636363635,0.9411764705882353,0.0,0.8181818181818182,0.10841838847311394
FaceFour,1,gap,0.05,0.05,fast_cp_mixed,15,9,90,88,4,0.9545454545454546,1.9318181818181819,0.3977272727272727,0.9142857142857143,0.0,0.8181818181818182,0.10841838847311394
FaceFour,1,gap,0.1,0.05,clean_split_cp,15,9,90,88,4,0.8863636363636364,1.6477272727272727,0.5113636363636364,0.8444444444444444,0.0,0.7272727272727273,0.11916901566619476
FaceFour,1,gap,0.1,0.05,aug_split_cp,15,9,90,88,4,0.9090909090909091,2.0113636363636362,0.375,0.8484848484848485,0.0,0.7272727272727273,0.11916901566619476
FaceFour,1,gap,0.1,0.05,label_smooth_aug_cp,15,9,90,88,4,0.9090909090909091,2.0113636363636362,0.375,0.8484848484848485,0.0,0.7272727272727273,0.11916901566619476
FaceFour,1,gap,0.1,0.05,confidence_weighted_cp,15,9,90,88,4,0.9090909090909091,1.9659090909090908,0.375,0.8484848484848485,0.0,0.7272727272727273,0.11916901566619476
FaceFour,1,gap,0.1,0.05,fast_cp,15,9,90,88,4,0.9431818181818182,2.0454545454545454,0.375,0.9393939393939394,0.0,0.7272727272727273,0.11916901566619476
FaceFour,1,gap,0.1,0.05,fast_cp_mixed,15,9,90,88,4,0.9204545454545454,2.0,0.36363636363636365,0.90625,0.0,0.7272727272727273,0.11916901566619476
FaceFour,1,gap,0.2,0.05,clean_split_cp,15,9,90,88,4,0.7727272727272727,1.7045454545454546,0.48863636363636365,0.627906976744186,0.0,0.5681818181818182,0.28415420123883156
FaceFour,1,gap,0.2,0.05,aug_split_cp,15,9,90,88,4,0.8295454545454546,1.9204545454545454,0.36363636363636365,0.65625,0.0,0.5681818181818182,0.28415420123883156
FaceFour,1,gap,0.2,0.05,label_smooth_aug_cp,15,9,90,88,4,0.8295454545454546,1.9204545454545454,0.36363636363636365,0.65625,0.0,0.5681818181818182,0.28415420123883156
FaceFour,1,gap,0.2,0.05,confidence_weighted_cp,15,9,90,88,4,0.8295454545454546,1.9090909090909092,0.36363636363636365,0.65625,0.0,0.5681818181818182,0.28415420123883156
FaceFour,1,gap,0.2,0.05,fast_cp,15,9,90,88,4,0.9090909090909091,2.2045454545454546,0.25,0.8636363636363636,0.0,0.5681818181818182,0.28415420123883156
FaceFour,1,gap,0.2,0.05,fast_cp_mixed,15,9,90,88,4,0.8409090909090909,1.9545454545454546,0.3409090909090909,0.7,0.0,0.5681818181818182,0.28415420123883156
FaceFour,1,noise,0.05,0.05,clean_split_cp,15,9,90,88,4,0.9545454545454546,1.6477272727272727,0.5227272727272727,0.9130434782608695,0.0,0.8636363636363636,0.10696412443203565
FaceFour,1,noise,0.05,0.05,aug_split_cp,15,9,90,88,4,0.9545454545454546,1.9090909090909092,0.4318181818181818,0.8947368421052632,0.0,0.8636363636363636,0.10696412443203565
FaceFour,1,noise,0.05,0.05,label_smooth_aug_cp,15,9,90,88,4,0.9545454545454546,1.9090909090909092,0.4318181818181818,0.8947368421052632,0.0,0.8636363636363636,0.10696412443203565
FaceFour,1,noise,0.05,0.05,confidence_weighted_cp,15,9,90,88,4,0.9545454545454546,1.8068181818181819,0.4431818181818182,0.8974358974358975,0.0,0.8636363636363636,0.10696412443203565
FaceFour,1,noise,0.05,0.05,fast_cp,15,9,90,88,4,0.9659090909090909,1.7954545454545454,0.4659090909090909,0.926829268292683,0.0,0.8636363636363636,0.10696412443203565
FaceFour,1,noise,0.05,0.05,fast_cp_mixed,15,9,90,88,4,0.9545454545454546,1.7613636363636365,0.4772727272727273,0.9047619047619048,0.0,0.8636363636363636,0.10696412443203565
FaceFour,1,noise,0.1,0.05,clean_split_cp,15,9,90,88,4,0.9545454545454546,1.6590909090909092,0.5340909090909091,0.9148936170212766,0.0,0.8409090909090909,0.09005546854515803
FaceFour,1,noise,0.1,0.05,aug_split_cp,15,9,90,88,4,0.9545454545454546,1.9204545454545454,0.3977272727272727,0.8857142857142857,0.0,0.8409090909090909,0.09005546854515803
FaceFour,1,noise,0.1,0.05,label_smooth_aug_cp,15,9,90,88,4,0.9545454545454546,1.9204545454545454,0.3977272727272727,0.8857142857142857,0.0,0.8409090909090909,0.09005546854515803
FaceFour,1,noise,0.1,0.05,confidence_weighted_cp,15,9,90,88,4,0.9545454545454546,1.8522727272727273,0.4090909090909091,0.8888888888888888,0.0,0.8409090909090909,0.09005546854515803
FaceFour,1,noise,0.1,0.05,fast_cp,15,9,90,88,4,0.9659090909090909,1.8181818181818181,0.45454545454545453,0.925,0.0,0.8409090909090909,0.09005546854515803
FaceFour,1,noise,0.1,0.05,fast_cp_mixed,15,9,90,88,4,0.9545454545454546,1.7954545454545454,0.4659090909090909,0.9024390243902439,0.0,0.8409090909090909,0.09005546854515803
FaceFour,1,noise,0.2,0.05,clean_split_cp,15,9,90,88,4,0.9545454545454546,1.6931818181818181,0.5227272727272727,0.9130434782608695,0.0,0.8522727272727273,0.10500051568669315
FaceFour,1,noise,0.2,0.05,aug_split_cp,15,9,90,88,4,0.9545454545454546,2.0,0.3522727272727273,0.9032258064516129,0.0,0.8522727272727273,0.10500051568669315
FaceFour,1,noise,0.2,0.05,label_smooth_aug_cp,15,9,90,88,4,0.9545454545454546,2.0,0.3522727272727273,0.9032258064516129,0.0,0.8522727272727273,0.10500051568669315
FaceFour,1,noise,0.2,0.05,confidence_weighted_cp,15,9,90,88,4,0.9545454545454546,1.9659090909090908,0.3522727272727273,0.9032258064516129,0.0,0.8522727272727273,0.10500051568669315
FaceFour,1,noise,0.2,0.05,fast_cp,15,9,90,88,4,0.9659090909090909,1.8409090909090908,0.4318181818181818,0.9473684210526315,0.0,0.8522727272727273,0.10500051568669315
FaceFour,1,noise,0.2,0.05,fast_cp_mixed,15,9,90,88,4,0.9545454545454546,1.8409090909090908,0.42045454545454547,0.918918918918919,0.0,0.8522727272727273,0.10500051568669315
FaceFour,1,drift,0.1,0.05,clean_split_cp,15,9,90,88,4,0.9545454545454546,1.625,0.5454545454545454,0.9166666666666666,0.0,0.8522727272727273,0.10000215183328755
FaceFour,1,drift,0.1,0.05,aug_split_cp,15,9,90,88,4,0.9545454545454546,1.9772727272727273,0.3977272727272727,0.9142857142857143,0.0,0.8522727272727273,0.10000215183328755
FaceFour,1,drift,0.1,0.05,label_smooth_aug_cp,15,9,90,88,4,0.9545454545454546,1.9772727272727273,0.3977272727272727,0.9142857142857143,0.0,0.8522727272727273,0.10000215183328755
FaceFour,1,drift,0.1,0.05,confidence_weighted_cp,15,9,90,88,4,0.9545454545454546,1.875,0.4090909090909091,0.9166666666666666,0.0,0.8522727272727273,0.10000215183328755
FaceFour,1,drift,0.1,0.05,fast_cp,15,9,90,88,4,0.9772727272727273,1.75,0.48863636363636365,0.9767441860465116,0.0,0.8522727272727273,0.10000215183328755
FaceFour,1,drift,0.1,0.05,fast_cp_mixed,15,9,90,88,4,0.9545454545454546,1.7386363636363635,0.48863636363636365,0.9302325581395349,0.0,0.8522727272727273,0.10000215183328755
FaceFour,1,drift,0.2,0.05,clean_split_cp,15,9,90,88,4,0.9545454545454546,1.6136363636363635,0.5681818181818182,0.92,0.0,0.8409090909090909,0.08121857121248068
FaceFour,1,drift,0.2,0.05,aug_split_cp,15,9,90,88,4,0.9545454545454546,1.9204545454545454,0.45454545454545453,0.925,0.0,0.8409090909090909,0.08121857121248068
FaceFour,1,drift,0.2,0.05,label_smooth_aug_cp,15,9,90,88,4,0.9545454545454546,1.9204545454545454,0.45454545454545453,0.925,0.0,0.8409090909090909,0.08121857121248068
FaceFour,1,drift,0.2,0.05,confidence_weighted_cp,15,9,90,88,4,0.9545454545454546,1.8295454545454546,0.4659090909090909,0.926829268292683,0.0,0.8409090909090909,0.08121857121248068
FaceFour,1,drift,0.2,0.05,fast_cp,15,9,90,88,4,0.9659090909090909,1.8181818181818181,0.4772727272727273,0.9523809523809523,0.0,0.8409090909090909,0.08121857121248068
FaceFour,1,drift,0.2,0.05,fast_cp_mixed,15,9,90,88,4,0.9545454545454546,1.7954545454545454,0.5,0.9318181818181818,0.0,0.8409090909090909,0.08121857121248068
FaceFour,1,drift,0.4,0.05,clean_split_cp,15,9,90,88,4,0.9545454545454546,1.7159090909090908,0.5,0.9090909090909091,0.0,0.8409090909090909,0.10589443180722496
FaceFour,1,drift,0.4,0.05,aug_split_cp,15,9,90,88,4,0.9659090909090909,2.0113636363636362,0.38636363636363635,0.9117647058823529,0.0,0.8409090909090909,0.10589443180722496
FaceFour,1,drift,0.4,0.05,label_smooth_aug_cp,15,9,90,88,4,0.9659090909090909,2.0113636363636362,0.38636363636363635,0.9117647058823529,0.0,0.8409090909090909,0.10589443180722496
FaceFour,1,drift,0.4,0.05,confidence_weighted_cp,15,9,90,88,4,0.9659090909090909,2.0,0.38636363636363635,0.9117647058823529,0.0,0.8409090909090909,0.10589443180722496
FaceFour,1,drift,0.4,0.05,fast_cp,15,9,90,88,4,0.9772727272727273,1.9318181818181819,0.42045454545454547,0.9459459459459459,0.0,0.8409090909090909,0.10589443180722496
FaceFour,1,drift,0.4,0.05,fast_cp_mixed,15,9,90,88,4,0.9659090909090909,1.9431818181818181,0.42045454545454547,0.918918918918919,0.0,0.8409090909090909,0.10589443180722496
FaceFour,2,gap,0.05,0.05,clean_split_cp,15,9,90,88,4,0.9431818181818182,1.8977272727272727,0.4431818181818182,0.9487179487179487,0.0,0.8522727272727273,0.11960698852502487
FaceFour,2,gap,0.05,0.05,aug_split_cp,15,9,90,88,4,0.9431818181818182,1.9431818181818181,0.4090909090909091,0.9444444444444444,0.0,0.8522727272727273,0.11960698852502487
FaceFour,2,gap,0.05,0.05,label_smooth_aug_cp,15,9,90,88,4,0.9431818181818182,1.9431818181818181,0.4090909090909091,0.9444444444444444,0.0,0.8522727272727273,0.11960698852502487
FaceFour,2,gap,0.05,0.05,confidence_weighted_cp,15,9,90,88,4,0.8977272727272727,1.5340909090909092,0.48863636363636365,0.9534883720930233,0.045454545454545456,0.8522727272727273,0.11960698852502487
FaceFour,2,gap,0.05,0.05,fast_cp,15,9,90,88,4,0.9431818181818182,1.8863636363636365,0.4431818181818182,0.9487179487179487,0.0,0.8522727272727273,0.11960698852502487
FaceFour,2,gap,0.05,0.05,fast_cp_mixed,15,9,90,88,4,0.9431818181818182,1.8977272727272727,0.4318181818181818,0.9473684210526315,0.0,0.8522727272727273,0.11960698852502487
FaceFour,2,gap,0.1,0.05,clean_split_cp,15,9,90,88,4,0.9318181818181818,2.0681818181818183,0.3068181818181818,0.9259259259259259,0.0,0.8068181818181818,0.08216660058622406
FaceFour,2,gap,0.1,0.05,aug_split_cp,15,9,90,88,4,0.9318181818181818,2.125,0.29545454545454547,0.9230769230769231,0.0,0.8068181818181818,0.08216660058622406
FaceFour,2,gap,0.1,0.05,label_smooth_aug_cp,15,9,90,88,4,0.9318181818181818,2.125,0.29545454545454547,0.9230769230769231,0.0,0.8068181818181818,0.08216660058622406
FaceFour,2,gap,0.1,0.05,confidence_weighted_cp,15,9,90,88,4,0.8295454545454546,1.5340909090909092,0.3409090909090909,0.9333333333333333,0.10227272727272728,0.8068181818181818,0.08216660058622406
FaceFour,2,gap,0.1,0.05,fast_cp,15,9,90,88,4,0.9318181818181818,2.0,0.3409090909090909,0.9333333333333333,0.0,0.8068181818181818,0.08216660058622406
FaceFour,2,gap,0.1,0.05,fast_cp_mixed,15,9,90,88,4,0.9318181818181818,2.0,0.3409090909090909,0.9333333333333333,0.0,0.8068181818181818,0.08216660058622406
FaceFour,2,gap,0.2,0.05,clean_split_cp,15,9,90,88,4,0.8977272727272727,2.034090909090909,0.3522727272727273,0.8387096774193549,0.0,0.75,0.12761754097938688
FaceFour,2,gap,0.2,0.05,aug_split_cp,15,9,90,88,4,0.8977272727272727,2.090909090909091,0.3068181818181818,0.8148148148148148,0.0,0.75,0.12761754097938688
FaceFour,2,gap,0.2,0.05,label_smooth_aug_cp,15,9,90,88,4,0.8977272727272727,2.090909090909091,0.3068181818181818,0.8148148148148148,0.0,0.75,0.12761754097938688
FaceFour,2,gap,0.2,0.05,confidence_weighted_cp,15,9,90,88,4,0.8522727272727273,1.75,0.375,0.8484848484848485,0.03409090909090909,0.75,0.12761754097938688
FaceFour,2,gap,0.2,0.05,fast_cp,15,9,90,88,4,0.8863636363636364,1.8977272727272727,0.4090909090909091,0.8333333333333334,0.011363636363636364,0.75,0.12761754097938688
FaceFour,2,gap,0.2,0.05,fast_cp_mixed,15,9,90,88,4,0.8977272727272727,1.9659090909090908,0.38636363636363635,0.8235294117647058,0.0,0.75,0.12761754097938688
FaceFour,2,noise,0.05,0.05,clean_split_cp,15,9,90,88,4,0.9545454545454546,1.9204545454545454,0.42045454545454547,0.9459459459459459,0.0,0.8863636363636364,0.10136622587291245
FaceFour,2,noise,0.05,0.05,aug_split_cp,15,9,90,88,4,0.9545454545454546,1.9886363636363635,0.375,0.9393939393939394,0.0,0.8863636363636364,0.10136622587291245
FaceFour,2,noise,0.05,0.05,label_smooth_aug_cp,15,9,90,88,4,0.9545454545454546,1.9886363636363635,0.375,0.9393939393939394,0.0,0.8863636363636364,0.10136622587291245
FaceFour,2,noise,0.05,0.05,confidence_weighted_cp,15,9,90,88,4,0.9090909090909091,1.5568181818181819,0.4431818181818182,0.9487179487179487,0.045454545454545456,0.8863636363636364,0.10136622587291245
FaceFour,2,noise,0.05,0.05,fast_cp,15,9,90,88,4,0.9545454545454546,1.8863636363636365,0.4431818181818182,0.9487179487179487,0.0,0.8863636363636364,0.10136622587291245
FaceFour,2,noise,0.05,0.05,fast_cp_mixed,15,9,90,88,4,0.9545454545454546,1.9431818181818181,0.3977272727272727,0.9428571428571428,0.0,0.8863636363636364,0.10136622587291245
FaceFour,2,noise,0.1,0.05,clean_split_cp,15,9,90,88,4,0.9545454545454546,1.9204545454545454,0.4090909090909091,0.9722222222222222,0.0,0.875,0.09685090254034318
FaceFour,2,noise,0.1,0.05,aug_split_cp,15,9,90,88,4,0.9545454545454546,1.9545454545454546,0.38636363636363635,0.9705882352941176,0.0,0.875,0.09685090254034318
FaceFour,2,noise,0.1,0.05,label_smooth_aug_cp,15,9,90,88,4,0.9545454545454546,1.9545454545454546,0.38636363636363635,0.9705882352941176,0.0,0.875,0.09685090254034318
FaceFour,2,noise,0.1,0.05,confidence_weighted_cp,15,9,90,88,4,0.9090909090909091,1.5454545454545454,0.4431818181818182,0.9487179487179487,0.03409090909090909,0.875,0.09685090254034318
FaceFour,2,noise,0.1,0.05,fast_cp,15,9,90,88,4,0.9545454545454546,1.8863636363636365,0.4090909090909091,0.9722222222222222,0.0,0.875,0.09685090254034318
FaceFour,2,noise,0.1,0.05,fast_cp_mixed,15,9,90,88,4,0.9545454545454546,1.9204545454545454,0.3977272727272727,0.9714285714285714,0.0,0.875,0.09685090254034318
FaceFour,2,noise,0.2,0.05,clean_split_cp,15,9,90,88,4,0.9545454545454546,2.0113636363636362,0.36363636363636365,0.9375,0.0,0.8409090909090909,0.09283040470010123
FaceFour,2,noise,0.2,0.05,aug_split_cp,15,9,90,88,4,0.9659090909090909,2.0681818181818183,0.32954545454545453,0.9655172413793104,0.0,0.8409090909090909,0.09283040470010123
FaceFour,2,noise,0.2,0.05,label_smooth_aug_cp,15,9,90,88,4,0.9659090909090909,2.0681818181818183,0.32954545454545453,0.9655172413793104,0.0,0.8409090909090909,0.09283040470010123
FaceFour,2,noise,0.2,0.05,confidence_weighted_cp,15,9,90,88,4,0.8863636363636364,1.5909090909090908,0.38636363636363635,0.9117647058823529,0.056818181818181816,0.8409090909090909,0.09283040470010123
FaceFour,2,noise,0.2,0.05,fast_cp,15,9,90,88,4,0.9659090909090909,2.034090909090909,0.3409090909090909,0.9666666666666667,0.0,0.8409090909090909,0.09283040470010123
FaceFour,2,noise,0.2,0.05,fast_cp_mixed,15,9,90,88,4,0.9659090909090909,2.0568181818181817,0.32954545454545453,0.9655172413793104,0.0,0.8409090909090909,0.09283040470010123
FaceFour,2,drift,0.1,0.05,clean_split_cp,15,9,90,88,4,0.9545454545454546,1.9204545454545454,0.38636363636363635,0.9411764705882353,0.0,0.8863636363636364,0.09839213944481963
FaceFour,2,drift,0.1,0.05,aug_split_cp,15,9,90,88,4,0.9545454545454546,1.9431818181818181,0.375,0.9393939393939394,0.0,0.8863636363636364,0.09839213944481963
FaceFour,2,drift,0.1,0.05,label_smooth_aug_cp,15,9,90,88,4,0.9545454545454546,1.9431818181818181,0.375,0.9393939393939394,0.0,0.8863636363636364,0.09839213944481963
FaceFour,2,drift,0.1,0.05,confidence_weighted_cp,15,9,90,88,4,0.9090909090909091,1.5681818181818181,0.4090909090909091,0.9444444444444444,0.045454545454545456,0.8863636363636364,0.09839213944481963
FaceFour,2,drift,0.1,0.05,fast_cp,15,9,90,88,4,0.9545454545454546,1.8863636363636365,0.4090909090909091,0.9444444444444444,0.0,0.8863636363636364,0.09839213944481963
FaceFour,2,drift,0.1,0.05,fast_cp_mixed,15,9,90,88,4,0.9545454545454546,1.9090909090909092,0.3977272727272727,0.9428571428571428,0.0,0.8863636363636364,0.09839213944481963
FaceFour,2,drift,0.2,0.05,clean_split_cp,15,9,90,88,4,0.9545454545454546,1.9545454545454546,0.38636363636363635,0.9705882352941176,0.0,0.8295454545454546,0.10202884302238716
FaceFour,2,drift,0.2,0.05,aug_split_cp,15,9,90,88,4,0.9659090909090909,1.9659090909090908,0.375,1.0,0.0,0.8295454545454546,0.10202884302238716
FaceFour,2,drift,0.2,0.05,label_smooth_aug_cp,15,9,90,88,4,0.9659090909090909,1.9659090909090908,0.375,1.0,0.0,0.8295454545454546,0.10202884302238716
FaceFour,2,drift,0.2,0.05,confidence_weighted_cp,15,9,90,88,4,0.8636363636363636,1.4886363636363635,0.4090909090909091,0.9444444444444444,0.07954545454545454,0.8295454545454546,0.10202884302238716
FaceFour,2,drift,0.2,0.05,fast_cp,15,9,90,88,4,0.9545454545454546,1.9204545454545454,0.4090909090909091,0.9722222222222222,0.0,0.8295454545454546,0.10202884302238716
FaceFour,2,drift,0.2,0.05,fast_cp_mixed,15,9,90,88,4,0.9545454545454546,1.9545454545454546,0.38636363636363635,0.9705882352941176,0.0,0.8295454545454546,0.10202884302238716
FaceFour,2,drift,0.4,0.05,clean_split_cp,15,9,90,88,4,0.9772727272727273,2.034090909090909,0.36363636363636365,1.0,0.0,0.8409090909090909,0.058020757142149326
FaceFour,2,drift,0.4,0.05,aug_split_cp,15,9,90,88,4,0.9772727272727273,2.0795454545454546,0.32954545454545453,1.0,0.0,0.8409090909090909,0.058020757142149326
FaceFour,2,drift,0.4,0.05,label_smooth_aug_cp,15,9,90,88,4,0.9772727272727273,2.0795454545454546,0.32954545454545453,1.0,0.0,0.8409090909090909,0.058020757142149326
FaceFour,2,drift,0.4,0.05,confidence_weighted_cp,15,9,90,88,4,0.9545454545454546,1.75,0.36363636363636365,1.0,0.022727272727272728,0.8409090909090909,0.058020757142149326
FaceFour,2,drift,0.4,0.05,fast_cp,15,9,90,88,4,0.9772727272727273,1.9886363636363635,0.38636363636363635,0.9705882352941176,0.0,0.8409090909090909,0.058020757142149326
FaceFour,2,drift,0.4,0.05,fast_cp_mixed,15,9,90,88,4,0.9772727272727273,2.034090909090909,0.36363636363636365,1.0,0.0,0.8409090909090909,0.058020757142149326
Lightning2,0,gap,0.05,0.05,clean_split_cp,39,21,210,61,2,0.9672131147540983,1.8360655737704918,0.16393442622950818,0.8,0.0,0.6721311475409836,0.2201061270280234
Lightning2,0,gap,0.05,0.05,aug_split_cp,39,21,210,61,2,1.0,1.9836065573770492,0.01639344262295082,1.0,0.0,0.6721311475409836,0.2201061270280234
Lightning2,0,gap,0.05,0.05,label_smooth_aug_cp,39,21,210,61,2,1.0,1.9836065573770492,0.01639344262295082,1.0,0.0,0.6721311475409836,0.2201061270280234
Lightning2,0,gap,0.05,0.05,confidence_weighted_cp,39,21,210,61,2,1.0,1.9836065573770492,0.01639344262295082,1.0,0.0,0.6721311475409836,0.2201061270280234
Lightning2,0,gap,0.05,0.05,fast_cp,39,21,210,61,2,0.9672131147540983,1.819672131147541,0.18032786885245902,0.8181818181818182,0.0,0.6721311475409836,0.2201061270280234
Lightning2,0,gap,0.05,0.05,fast_cp_mixed,39,21,210,61,2,0.9672131147540983,1.8524590163934427,0.14754098360655737,0.7777777777777778,0.0,0.6721311475409836,0.2201061270280234
Lightning2,0,gap,0.1,0.05,clean_split_cp,39,21,210,61,2,0.9344262295081968,1.7868852459016393,0.21311475409836064,0.6923076923076923,0.0,0.6229508196721312,0.30052491642842993
Lightning2,0,gap,0.1,0.05,aug_split_cp,39,21,210,61,2,0.9672131147540983,1.9344262295081966,0.06557377049180328,0.5,0.0,0.6229508196721312,0.30052491642842993
Lightning2,0,gap,0.1,0.05,label_smooth_aug_cp,39,21,210,61,2,0.9672131147540983,1.9344262295081966,0.06557377049180328,0.5,0.0,0.6229508196721312,0.30052491642842993
Lightning2,0,gap,0.1,0.05,confidence_weighted_cp,39,21,210,61,2,0.9672131147540983,1.9508196721311475,0.04918032786885246,0.3333333333333333,0.0,0.6229508196721312,0.30052491642842993
Lightning2,0,gap,0.1,0.05,fast_cp,39,21,210,61,2,0.9344262295081968,1.819672131147541,0.18032786885245902,0.6363636363636364,0.0,0.6229508196721312,0.30052491642842993
Lightning2,0,gap,0.1,0.05,fast_cp_mixed,39,21,210,61,2,0.9508196721311475,1.8688524590163935,0.13114754098360656,0.625,0.0,0.6229508196721312,0.30052491642842993
Lightning2,0,gap,0.2,0.05,clean_split_cp,39,21,210,61,2,0.9508196721311475,1.819672131147541,0.18032786885245902,0.7272727272727273,0.0,0.639344262295082,0.2626918087007964
Lightning2,0,gap,0.2,0.05,aug_split_cp,39,21,210,61,2,0.9836065573770492,1.9180327868852458,0.08196721311475409,0.8,0.0,0.639344262295082,0.2626918087007964
Lightning2,0,gap,0.2,0.05,label_smooth_aug_cp,39,21,210,61,2,0.9836065573770492,1.9180327868852458,0.08196721311475409,0.8,0.0,0.639344262295082,0.2626918087007964
Lightning2,0,gap,0.2,0.05,confidence_weighted_cp,39,21,210,61,2,0.9836065573770492,1.9180327868852458,0.08196721311475409,0.8,0.0,0.639344262295082,0.2626918087007964
Lightning2,0,gap,0.2,0.05,fast_cp,39,21,210,61,2,0.9672131147540983,1.8032786885245902,0.19672131147540983,0.8333333333333334,0.0,0.639344262295082,0.2626918087007964
Lightning2,0,gap,0.2,0.05,fast_cp_mixed,39,21,210,61,2,0.9672131147540983,1.8032786885245902,0.19672131147540983,0.8333333333333334,0.0,0.639344262295082,0.2626918087007964
Lightning2,0,noise,0.05,0.05,clean_split_cp,39,21,210,61,2,0.9672131147540983,1.8360655737704918,0.16393442622950818,0.8,0.0,0.6721311475409836,0.18352634212987873
Lightning2,0,noise,0.05,0.05,aug_split_cp,39,21,210,61,2,0.9836065573770492,1.9344262295081966,0.06557377049180328,0.75,0.0,0.6721311475409836,0.18352634212987873
Lightning2,0,noise,0.05,0.05,label_smooth_aug_cp,39,21,210,61,2,0.9836065573770492,1.9344262295081966,0.06557377049180328,0.75,0.0,0.6721311475409836,0.18352634212987873
Lightning2,0,noise,0.05,0.05,confidence_weighted_cp,39,21,210,61,2,0.9836065573770492,1.9344262295081966,0.06557377049180328,0.75,0.0,0.6721311475409836,0.18352634212987873
Lightning2,0,noise,0.05,0.05,fast_cp,39,21,210,61,2,0.9836065573770492,1.819672131147541,0.18032786885245902,0.9090909090909091,0.0,0.6721311475409836,0.18352634212987873
Lightning2,0,noise,0.05,0.05,fast_cp_mixed,39,21,210,61,2,0.9836065573770492,1.8360655737704918,0.16393442622950818,0.9,0.0,0.6721311475409836,0.18352634212987873
Lightning2,0,noise,0.1,0.05,clean_split_cp,39,21,210,61,2,0.9508196721311475,1.8360655737704918,0.16393442622950818,0.7,0.0,0.6885245901639344,0.20781222743854239
Lightning2,0,noise,0.1,0.05,aug_split_cp,39,21,210,61,2,1.0,1.9672131147540983,0.03278688524590164,1.0,0.0,0.6885245901639344,0.20781222743854239
Lightning2,0,noise,0.1,0.05,label_smooth_aug_cp,39,21,210,61,2,1.0,1.9672131147540983,0.03278688524590164,1.0,0.0,0.6885245901639344,0.20781222743854239
Lightning2,0,noise,0.1,0.05,confidence_weighted_cp,39,21,210,61,2,1.0,1.9672131147540983,0.03278688524590164,1.0,0.0,0.6885245901639344,0.20781222743854239
Lightning2,0,noise,0.1,0.05,fast_cp,39,21,210,61,2,0.9836065573770492,1.819672131147541,0.18032786885245902,0.9090909090909091,0.0,0.6885245901639344,0.20781222743854239
Lightning2,0,noise,0.1,0.05,fast_cp_mixed,39,21,210,61,2,0.9836065573770492,1.819672131147541,0.18032786885245902,0.9090909090909091,0.0,0.6885245901639344,0.20781222743854239
Lightning2,0,noise,0.2,0.05,clean_split_cp,39,21,210,61,2,1.0,1.9180327868852458,0.08196721311475409,1.0,0.0,0.6065573770491803,0.3055896117223661
Lightning2,0,noise,0.2,0.05,aug_split_cp,39,21,210,61,2,1.0,1.9836065573770492,0.01639344262295082,1.0,0.0,0.6065573770491803,0.3055896117223661
Lightning2,0,noise,0.2,0.05,label_smooth_aug_cp,39,21,210,61,2,1.0,1.9836065573770492,0.01639344262295082,1.0,0.0,0.6065573770491803,0.3055896117223661
Lightning2,0,noise,0.2,0.05,confidence_weighted_cp,39,21,210,61,2,1.0,1.9836065573770492,0.01639344262295082,1.0,0.0,0.6065573770491803,0.3055896117223661
Lightning2,0,noise,0.2,0.05,fast_cp,39,21,210,61,2,0.9672131147540983,1.8360655737704918,0.16393442622950818,0.8,0.0,0.6065573770491803,0.3055896117223661
Lightning2,0,noise,0.2,0.05,fast_cp_mixed,39,21,210,61,2,0.9836065573770492,1.8688524590163935,0.13114754098360656,0.875,0.0,0.6065573770491803,0.3055896117223661
Lightning2,0,drift,0.1,0.05,clean_split_cp,39,21,210,61,2,0.9508196721311475,1.819672131147541,0.18032786885245902,0.7272727272727273,0.0,0.7213114754098361,0.2155521341367349
Lightning2,0,drift,0.1,0.05,aug_split_cp,39,21,210,61,2,1.0,1.9672131147540983,0.03278688524590164,1.0,0.0,0.7213114754098361,0.2155521341367349
Lightning2,0,drift,0.1,0.05,label_smooth_aug_cp,39,21,210,61,2,1.0,1.9672131147540983,0.03278688524590164,1.0,0.0,0.7213114754098361,0.2155521341367349
Lightning2,0,drift,0.1,0.05,confidence_weighted_cp,39,21,210,61,2,1.0,1.9672131147540983,0.03278688524590164,1.0,0.0,0.7213114754098361,0.2155521341367349
Lightning2,0,drift,0.1,0.05,fast_cp,39,21,210,61,2,0.9836065573770492,1.8360655737704918,0.16393442622950818,0.9,0.0,0.7213114754098361,0.2155521341367349
Lightning2,0,drift,0.1,0.05,fast_cp_mixed,39,21,210,61,2,0.9836065573770492,1.8688524590163935,0.13114754098360656,0.875,0.0,0.7213114754098361,0.2155521341367349
Lightning2,0,drift,0.2,0.05,clean_split_cp,39,21,210,61,2,0.9344262295081968,1.819672131147541,0.18032786885245902,0.6363636363636364,0.0,0.6885245901639344,0.1893115858916743
Lightning2,0,drift,0.2,0.05,aug_split_cp,39,21,210,61,2,1.0,1.9344262295081966,0.06557377049180328,1.0,0.0,0.6885245901639344,0.1893115858916743
Lightning2,0,drift,0.2,0.05,label_smooth_aug_cp,39,21,210,61,2,1.0,1.9344262295081966,0.06557377049180328,1.0,0.0,0.6885245901639344,0.1893115858916743
Lightning2,0,drift,0.2,0.05,confidence_weighted_cp,39,21,210,61,2,1.0,1.9344262295081966,0.06557377049180328,1.0,0.0,0.6885245901639344,0.1893115858916743
Lightning2,0,drift,0.2,0.05,fast_cp,39,21,210,61,2,0.9672131147540983,1.7704918032786885,0.22950819672131148,0.8571428571428571,0.0,0.6885245901639344,0.1893115858916743
Lightning2,0,drift,0.2,0.05,fast_cp_mixed,39,21,210,61,2,0.9836065573770492,1.8032786885245902,0.19672131147540983,0.9166666666666666,0.0,0.6885245901639344,0.1893115858916743
Lightning2,0,drift,0.4,0.05,clean_split_cp,39,21,210,61,2,0.9508196721311475,1.7704918032786885,0.22950819672131148,0.7857142857142857,0.0,0.6065573770491803,0.32263091342021677
Lightning2,0,drift,0.4,0.05,aug_split_cp,39,21,210,61,2,0.9672131147540983,1.8360655737704918,0.16393442622950818,0.8,0.0,0.6065573770491803,0.32263091342021677
Lightning2,0,drift,0.4,0.05,label_smooth_aug_cp,39,21,210,61,2,0.9672131147540983,1.8360655737704918,0.16393442622950818,0.8,0.0,0.6065573770491803,0.32263091342021677
Lightning2,0,drift,0.4,0.05,confidence_weighted_cp,39,21,210,61,2,0.9672131147540983,1.8360655737704918,0.16393442622950818,0.8,0.0,0.6065573770491803,0.32263091342021677
Lightning2,0,drift,0.4,0.05,fast_cp,39,21,210,61,2,0.9344262295081968,1.721311475409836,0.2786885245901639,0.7647058823529411,0.0,0.6065573770491803,0.32263091342021677
Lightning2,0,drift,0.4,0.05,fast_cp_mixed,39,21,210,61,2,0.9508196721311475,1.7540983606557377,0.2459016393442623,0.8,0.0,0.6065573770491803,0.32263091342021677
Lightning2,1,gap,0.05,0.05,clean_split_cp,39,21,210,61,2,1.0,1.9836065573770492,0.01639344262295082,1.0,0.0,0.6721311475409836,0.30278540081062
Lightning2,1,gap,0.05,0.05,aug_split_cp,39,21,210,61,2,0.9836065573770492,1.9672131147540983,0.03278688524590164,0.5,0.0,0.6721311475409836,0.30278540081062
Lightning2,1,gap,0.05,0.05,label_smooth_aug_cp,39,21,210,61,2,0.9836065573770492,1.9672131147540983,0.03278688524590164,0.5,0.0,0.6721311475409836,0.30278540081062
Lightning2,1,gap,0.05,0.05,confidence_weighted_cp,39,21,210,61,2,0.9836065573770492,1.9672131147540983,0.03278688524590164,0.5,0.0,0.6721311475409836,0.30278540081062
Lightning2,1,gap,0.05,0.05,fast_cp,39,21,210,61,2,0.9672131147540983,1.9508196721311475,0.04918032786885246,0.3333333333333333,0.0,0.6721311475409836,0.30278540081062
Lightning2,1,gap,0.05,0.05,fast_cp_mixed,39,21,210,61,2,0.9672131147540983,1.9508196721311475,0.04918032786885246,0.3333333333333333,0.0,0.6721311475409836,0.30278540081062
Lightning2,1,gap,0.1,0.05,clean_split_cp,39,21,210,61,2,0.9836065573770492,1.9672131147540983,0.03278688524590164,0.5,0.0,0.639344262295082,0.3030856796110062
Lightning2,1,gap,0.1,0.05,aug_split_cp,39,21,210,61,2,0.9508196721311475,1.9344262295081966,0.06557377049180328,0.25,0.0,0.639344262295082,0.3030856796110062
Lightning2,1,gap,0.1,0.05,label_smooth_aug_cp,39,21,210,61,2,0.9508196721311475,1.9344262295081966,0.06557377049180328,0.25,0.0,0.639344262295082,0.3030856796110062
Lightning2,1,gap,0.1,0.05,confidence_weighted_cp,39,21,210,61,2,0.9508196721311475,1.9344262295081966,0.06557377049180328,0.25,0.0,0.639344262295082,0.3030856796110062
Lightning2,1,gap,0.1,0.05,fast_cp,39,21,210,61,2,0.9508196721311475,1.9344262295081966,0.06557377049180328,0.25,0.0,0.639344262295082,0.3030856796110062
Lightning2,1,gap,0.1,0.05,fast_cp_mixed,39,21,210,61,2,0.9508196721311475,1.9344262295081966,0.06557377049180328,0.25,0.0,0.639344262295082,0.3030856796110062
Lightning2,1,gap,0.2,0.05,clean_split_cp,39,21,210,61,2,0.9180327868852459,1.901639344262295,0.09836065573770492,0.16666666666666666,0.0,0.6229508196721312,0.29280255121498
Lightning2,1,gap,0.2,0.05,aug_split_cp,39,21,210,61,2,0.9016393442622951,1.8852459016393444,0.11475409836065574,0.14285714285714285,0.0,0.6229508196721312,0.29280255121498
Lightning2,1,gap,0.2,0.05,label_smooth_aug_cp,39,21,210,61,2,0.9016393442622951,1.8852459016393444,0.11475409836065574,0.14285714285714285,0.0,0.6229508196721312,0.29280255121498
Lightning2,1,gap,0.2,0.05,confidence_weighted_cp,39,21,210,61,2,0.9180327868852459,1.901639344262295,0.09836065573770492,0.16666666666666666,0.0,0.6229508196721312,0.29280255121498
Lightning2,1,gap,0.2,0.05,fast_cp,39,21,210,61,2,0.9016393442622951,1.8852459016393444,0.11475409836065574,0.14285714285714285,0.0,0.6229508196721312,0.29280255121498
Lightning2,1,gap,0.2,0.05,fast_cp_mixed,39,21,210,61,2,0.9016393442622951,1.8852459016393444,0.11475409836065574,0.14285714285714285,0.0,0.6229508196721312,0.29280255121498
Lightning2,1,noise,0.05,0.05,clean_split_cp,39,21,210,61,2,1.0,1.9836065573770492,0.01639344262295082,1.0,0.0,0.6721311475409836,0.23554646405320362
Lightning2,1,noise,0.05,0.05,aug_split_cp,39,21,210,61,2,0.9836065573770492,1.9672131147540983,0.03278688524590164,0.5,0.0,0.6721311475409836,0.23554646405320362
Lightning2,1,noise,0.05,0.05,label_smooth_aug_cp,39,21,210,61,2,0.9836065573770492,1.9672131147540983,0.03278688524590164,0.5,0.0,0.6721311475409836,0.23554646405320362
Lightning2,1,noise,0.05,0.05,confidence_weighted_cp,39,21,210,61,2,1.0,1.9836065573770492,0.01639344262295082,1.0,0.0,0.6721311475409836,0.23554646405320362
Lightning2,1,noise,0.05,0.05,fast_cp,39,21,210,61,2,0.9836065573770492,1.9672131147540983,0.03278688524590164,0.5,0.0,0.6721311475409836,0.23554646405320362
Lightning2,1,noise,0.05,0.05,fast_cp_mixed,39,21,210,61,2,0.9836065573770492,1.9672131147540983,0.03278688524590164,0.5,0.0,0.6721311475409836,0.23554646405320362
Lightning2,1,noise,0.1,0.05,clean_split_cp,39,21,210,61,2,1.0,1.9836065573770492,0.01639344262295082,1.0,0.0,0.6721311475409836,0.23534741277449117
Lightning2,1,noise,0.1,0.05,aug_split_cp,39,21,210,61,2,0.9836065573770492,1.9672131147540983,0.03278688524590164,0.5,0.0,0.6721311475409836,0.23534741277449117
Lightning2,1,noise,0.1,0.05,label_smooth_aug_cp,39,21,210,61,2,0.9836065573770492,1.9672131147540983,0.03278688524590164,0.5,0.0,0.6721311475409836,0.23534741277449117
Lightning2,1,noise,0.1,0.05,confidence_weighted_cp,39,21,210,61,2,0.9836065573770492,1.9672131147540983,0.03278688524590164,0.5,0.0,0.6721311475409836,0.23534741277449117
Lightning2,1,noise,0.1,0.05,fast_cp,39,21,210,61,2,0.9836065573770492,1.9672131147540983,0.03278688524590164,0.5,0.0,0.6721311475409836,0.23534741277449117
Lightning2,1,noise,0.1,0.05,fast_cp_mixed,39,21,210,61,2,0.9836065573770492,1.9672131147540983,0.03278688524590164,0.5,0.0,0.6721311475409836,0.23534741277449117
Lightning2,1,noise,0.2,0.05,clean_split_cp,39,21,210,61,2,0.9836065573770492,1.9836065573770492,0.01639344262295082,0.0,0.0,0.6721311475409836,0.24978934323619195
Lightning2,1,noise,0.2,0.05,aug_split_cp,39,21,210,61,2,0.9836065573770492,1.9508196721311475,0.04918032786885246,0.6666666666666666,0.0,0.6721311475409836,0.24978934323619195
Lightning2,1,noise,0.2,0.05,label_smooth_aug_cp,39,21,210,61,2,0.9836065573770492,1.9508196721311475,0.04918032786885246,0.6666666666666666,0.0,0.6721311475409836,0.24978934323619195
Lightning2,1,noise,0.2,0.05,confidence_weighted_cp,39,21,210,61,2,0.9836065573770492,1.9508196721311475,0.04918032786885246,0.6666666666666666,0.0,0.6721311475409836,0.24978934323619195
Lightning2,1,noise,0.2,0.05,fast_cp,39,21,210,61,2,0.9836065573770492,1.9508196721311475,0.04918032786885246,0.6666666666666666,0.0,0.6721311475409836,0.24978934323619195
Lightning2,1,noise,0.2,0.05,fast_cp_mixed,39,21,210,61,2,0.9836065573770492,1.9508196721311475,0.04918032786885246,0.6666666666666666,0.0,0.6721311475409836,0.24978934323619195
Lightning2,1,drift,0.1,0.05,clean_split_cp,39,21,210,61,2,1.0,1.9836065573770492,0.01639344262295082,1.0,0.0,0.6721311475409836,0.3251471674629325
Lightning2,1,drift,0.1,0.05,aug_split_cp,39,21,210,61,2,0.9344262295081968,1.9180327868852458,0.08196721311475409,0.2,0.0,0.6721311475409836,0.3251471674629325
Lightning2,1,drift,0.1,0.05,label_smooth_aug_cp,39,21,210,61,2,0.9344262295081968,1.9180327868852458,0.08196721311475409,0.2,0.0,0.6721311475409836,0.3251471674629325
Lightning2,1,drift,0.1,0.05,confidence_weighted_cp,39,21,210,61,2,0.9836065573770492,1.9672131147540983,0.03278688524590164,0.5,0.0,0.6721311475409836,0.3251471674629325
Lightning2,1,drift,0.1,0.05,fast_cp,39,21,210,61,2,0.9344262295081968,1.9180327868852458,0.08196721311475409,0.2,0.0,0.6721311475409836,0.3251471674629325
Lightning2,1,drift,0.1,0.05,fast_cp_mixed,39,21,210,61,2,0.9344262295081968,1.9180327868852458,0.08196721311475409,0.2,0.0,0.6721311475409836,0.3251471674629325
Lightning2,1,drift,0.2,0.05,clean_split_cp,39,21,210,61,2,1.0,1.9672131147540983,0.03278688524590164,1.0,0.0,0.7049180327868853,0.26629537793791935
Lightning2,1,drift,0.2,0.05,aug_split_cp,39,21,210,61,2,0.9836065573770492,1.9508196721311475,0.04918032786885246,0.6666666666666666,0.0,0.7049180327868853,0.26629537793791935
Lightning2,1,drift,0.2,0.05,label_smooth_aug_cp,39,21,210,61,2,0.9836065573770492,1.9508196721311475,0.04918032786885246,0.6666666666666666,0.0,0.7049180327868853,0.26629537793791935
Lightning2,1,drift,0.2,0.05,confidence_weighted_cp,39,21,210,61,2,0.9836065573770492,1.9508196721311475,0.04918032786885246,0.6666666666666666,0.0,0.7049180327868853,0.26629537793791935
Lightning2,1,drift,0.2,0.05,fast_cp,39,21,210,61,2,0.9836065573770492,1.9508196721311475,0.04918032786885246,0.6666666666666666,0.0,0.7049180327868853,0.26629537793791935
Lightning2,1,drift,0.2,0.05,fast_cp_mixed,39,21,210,61,2,0.9836065573770492,1.9508196721311475,0.04918032786885246,0.6666666666666666,0.0,0.7049180327868853,0.26629537793791935
Lightning2,1,drift,0.4,0.05,clean_split_cp,39,21,210,61,2,0.9672131147540983,1.9180327868852458,0.08196721311475409,0.6,0.0,0.5737704918032787,0.3992840932691355
Lightning2,1,drift,0.4,0.05,aug_split_cp,39,21,210,61,2,0.9672131147540983,1.8852459016393444,0.11475409836065574,0.7142857142857143,0.0,0.5737704918032787,0.3992840932691355
Lightning2,1,drift,0.4,0.05,label_smooth_aug_cp,39,21,210,61,2,0.9672131147540983,1.8852459016393444,0.11475409836065574,0.7142857142857143,0.0,0.5737704918032787,0.3992840932691355
Lightning2,1,drift,0.4,0.05,confidence_weighted_cp,39,21,210,61,2,0.9672131147540983,1.8852459016393444,0.11475409836065574,0.7142857142857143,0.0,0.5737704918032787,0.3992840932691355
Lightning2,1,drift,0.4,0.05,fast_cp,39,21,210,61,2,0.9672131147540983,1.8852459016393444,0.11475409836065574,0.7142857142857143,0.0,0.5737704918032787,0.3992840932691355
Lightning2,1,drift,0.4,0.05,fast_cp_mixed,39,21,210,61,2,0.9672131147540983,1.8852459016393444,0.11475409836065574,0.7142857142857143,0.0,0.5737704918032787,0.3992840932691355
Lightning2,2,gap,0.05,0.05,clean_split_cp,39,21,210,61,2,0.9180327868852459,1.7540983606557377,0.2459016393442623,0.6666666666666666,0.0,0.7377049180327869,0.23169217298195463
Lightning2,2,gap,0.05,0.05,aug_split_cp,39,21,210,61,2,0.9180327868852459,1.7704918032786885,0.22950819672131148,0.6428571428571429,0.0,0.7377049180327869,0.23169217298195463
Lightning2,2,gap,0.05,0.05,label_smooth_aug_cp,39,21,210,61,2,0.9180327868852459,1.7704918032786885,0.22950819672131148,0.6428571428571429,0.0,0.7377049180327869,0.23169217298195463
Lightning2,2,gap,0.05,0.05,confidence_weighted_cp,39,21,210,61,2,0.9180327868852459,1.7868852459016393,0.21311475409836064,0.6153846153846154,0.0,0.7377049180327869,0.23169217298195463
Lightning2,2,gap,0.05,0.05,fast_cp,39,21,210,61,2,0.9180327868852459,1.7868852459016393,0.21311475409836064,0.6153846153846154,0.0,0.7377049180327869,0.23169217298195463
Lightning2,2,gap,0.05,0.05,fast_cp_mixed,39,21,210,61,2,0.9180327868852459,1.7868852459016393,0.21311475409836064,0.6153846153846154,0.0,0.7377049180327869,0.23169217298195463
Lightning2,2,gap,0.1,0.05,clean_split_cp,39,21,210,61,2,0.9344262295081968,1.7868852459016393,0.21311475409836064,0.6923076923076923,0.0,0.6557377049180327,0.26356120995892923
Lightning2,2,gap,0.1,0.05,aug_split_cp,39,21,210,61,2,0.9344262295081968,1.8032786885245902,0.19672131147540983,0.6666666666666666,0.0,0.6557377049180327,0.26356120995892923
Lightning2,2,gap,0.1,0.05,label_smooth_aug_cp,39,21,210,61,2,0.9344262295081968,1.8032786885245902,0.19672131147540983,0.6666666666666666,0.0,0.6557377049180327,0.26356120995892923
Lightning2,2,gap,0.1,0.05,confidence_weighted_cp,39,21,210,61,2,0.9344262295081968,1.8032786885245902,0.19672131147540983,0.6666666666666666,0.0,0.6557377049180327,0.26356120995892923
Lightning2,2,gap,0.1,0.05,fast_cp,39,21,210,61,2,0.9344262295081968,1.7868852459016393,0.21311475409836064,0.6923076923076923,0.0,0.6557377049180327,0.26356120995892923
Lightning2,2,gap,0.1,0.05,fast_cp_mixed,39,21,210,61,2,0.9344262295081968,1.8032786885245902,0.19672131147540983,0.6666666666666666,0.0,0.6557377049180327,0.26356120995892923
Lightning2,2,gap,0.2,0.05,clean_split_cp,39,21,210,61,2,0.9180327868852459,1.6885245901639345,0.3114754098360656,0.7368421052631579,0.0,0.7049180327868853,0.26131642213329115
Lightning2,2,gap,0.2,0.05,aug_split_cp,39,21,210,61,2,0.9180327868852459,1.6885245901639345,0.3114754098360656,0.7368421052631579,0.0,0.7049180327868853,0.26131642213329115
Lightning2,2,gap,0.2,0.05,label_smooth_aug_cp,39,21,210,61,2,0.9180327868852459,1.6885245901639345,0.3114754098360656,0.7368421052631579,0.0,0.7049180327868853,0.26131642213329115
Lightning2,2,gap,0.2,0.05,confidence_weighted_cp,39,21,210,61,2,0.9180327868852459,1.6885245901639345,0.3114754098360656,0.7368421052631579,0.0,0.7049180327868853,0.26131642213329115
Lightning2,2,gap,0.2,0.05,fast_cp,39,21,210,61,2,0.9180327868852459,1.6885245901639345,0.3114754098360656,0.7368421052631579,0.0,0.7049180327868853,0.26131642213329115
Lightning2,2,gap,0.2,0.05,fast_cp_mixed,39,21,210,61,2,0.9180327868852459,1.6885245901639345,0.3114754098360656,0.7368421052631579,0.0,0.7049180327868853,0.26131642213329115
Lightning2,2,noise,0.05,0.05,clean_split_cp,39,21,210,61,2,0.9180327868852459,1.7377049180327868,0.26229508196721313,0.6875,0.0,0.7213114754098361,0.23308550405804634
Lightning2,2,noise,0.05,0.05,aug_split_cp,39,21,210,61,2,0.9344262295081968,1.7868852459016393,0.21311475409836064,0.6923076923076923,0.0,0.7213114754098361,0.23308550405804634
Lightning2,2,noise,0.05,0.05,label_smooth_aug_cp,39,21,210,61,2,0.9344262295081968,1.7868852459016393,0.21311475409836064,0.6923076923076923,0.0,0.7213114754098361,0.23308550405804634
Lightning2,2,noise,0.05,0.05,confidence_weighted_cp,39,21,210,61,2,0.9344262295081968,1.7868852459016393,0.21311475409836064,0.6923076923076923,0.0,0.7213114754098361,0.23308550405804634
Lightning2,2,noise,0.05,0.05,fast_cp,39,21,210,61,2,0.9180327868852459,1.7540983606557377,0.2459016393442623,0.6666666666666666,0.0,0.7213114754098361,0.23308550405804634
Lightning2,2,noise,0.05,0.05,fast_cp_mixed,39,21,210,61,2,0.9180327868852459,1.7540983606557377,0.2459016393442623,0.6666666666666666,0.0,0.7213114754098361,0.23308550405804634
Lightning2,2,noise,0.1,0.05,clean_split_cp,39,21,210,61,2,0.9672131147540983,1.8032786885245902,0.19672131147540983,0.8333333333333334,0.0,0.7377049180327869,0.1987095169580958
Lightning2,2,noise,0.1,0.05,aug_split_cp,39,21,210,61,2,0.9672131147540983,1.8688524590163935,0.13114754098360656,0.75,0.0,0.7377049180327869,0.1987095169580958
Lightning2,2,noise,0.1,0.05,label_smooth_aug_cp,39,21,210,61,2,0.9672131147540983,1.8688524590163935,0.13114754098360656,0.75,0.0,0.7377049180327869,0.1987095169580958
Lightning2,2,noise,0.1,0.05,confidence_weighted_cp,39,21,210,61,2,0.9672131147540983,1.8852459016393444,0.11475409836065574,0.7142857142857143,0.0,0.7377049180327869,0.1987095169580958
Lightning2,2,noise,0.1,0.05,fast_cp,39,21,210,61,2,0.9672131147540983,1.8524590163934427,0.14754098360655737,0.7777777777777778,0.0,0.7377049180327869,0.1987095169580958
Lightning2,2,noise,0.1,0.05,fast_cp_mixed,39,21,210,61,2,0.9672131147540983,1.8524590163934427,0.14754098360655737,0.7777777777777778,0.0,0.7377049180327869,0.1987095169580958
Lightning2,2,noise,0.2,0.05,clean_split_cp,39,21,210,61,2,0.9672131147540983,1.819672131147541,0.18032786885245902,0.8181818181818182,0.0,0.7377049180327869,0.22728266921048706
Lightning2,2,noise,0.2,0.05,aug_split_cp,39,21,210,61,2,0.9672131147540983,1.819672131147541,0.18032786885245902,0.8181818181818182,0.0,0.7377049180327869,0.22728266921048706
Lightning2,2,noise,0.2,0.05,label_smooth_aug_cp,39,21,210,61,2,0.9672131147540983,1.819672131147541,0.18032786885245902,0.8181818181818182,0.0,0.7377049180327869,0.22728266921048706
Lightning2,2,noise,0.2,0.05,confidence_weighted_cp,39,21,210,61,2,0.9672131147540983,1.8360655737704918,0.16393442622950818,0.8,0.0,0.7377049180327869,0.22728266921048706
Lightning2,2,noise,0.2,0.05,fast_cp,39,21,210,61,2,0.9672131147540983,1.8524590163934427,0.14754098360655737,0.7777777777777778,0.0,0.7377049180327869,0.22728266921048706
Lightning2,2,noise,0.2,0.05,fast_cp_mixed,39,21,210,61,2,0.9672131147540983,1.8360655737704918,0.16393442622950818,0.8,0.0,0.7377049180327869,0.22728266921048706
Lightning2,2,drift,0.1,0.05,clean_split_cp,39,21,210,61,2,0.9344262295081968,1.7049180327868851,0.29508196721311475,0.7777777777777778,0.0,0.7540983606557377,0.2100270576598743
Lightning2,2,drift,0.1,0.05,aug_split_cp,39,21,210,61,2,0.9344262295081968,1.7704918032786885,0.22950819672131148,0.7142857142857143,0.0,0.7540983606557377,0.2100270576598743
Lightning2,2,drift,0.1,0.05,label_smooth_aug_cp,39,21,210,61,2,0.9344262295081968,1.7704918032786885,0.22950819672131148,0.7142857142857143,0.0,0.7540983606557377,0.2100270576598743
Lightning2,2,drift,0.1,0.05,confidence_weighted_cp,39,21,210,61,2,0.9344262295081968,1.7704918032786885,0.22950819672131148,0.7142857142857143,0.0,0.7540983606557377,0.2100270576598743
Lightning2,2,drift,0.1,0.05,fast_cp,39,21,210,61,2,0.9344262295081968,1.7540983606557377,0.2459016393442623,0.7333333333333333,0.0,0.7540983606557377,0.2100270576598743
Lightning2,2,drift,0.1,0.05,fast_cp_mixed,39,21,210,61,2,0.9344262295081968,1.7540983606557377,0.2459016393442623,0.7333333333333333,0.0,0.7540983606557377,0.2100270576598743
Lightning2,2,drift,0.2,0.05,clean_split_cp,39,21,210,61,2,0.9180327868852459,1.721311475409836,0.2786885245901639,0.7058823529411765,0.0,0.7377049180327869,0.2241978483937897
Lightning2,2,drift,0.2,0.05,aug_split_cp,39,21,210,61,2,0.9180327868852459,1.721311475409836,0.2786885245901639,0.7058823529411765,0.0,0.7377049180327869,0.2241978483937897
Lightning2,2,drift,0.2,0.05,label_smooth_aug_cp,39,21,210,61,2,0.9180327868852459,1.721311475409836,0.2786885245901639,0.7058823529411765,0.0,0.7377049180327869,0.2241978483937897
Lightning2,2,drift,0.2,0.05,confidence_weighted_cp,39,21,210,61,2,0.9180327868852459,1.721311475409836,0.2786885245901639,0.7058823529411765,0.0,0.7377049180327869,0.2241978483937897
Lightning2,2,drift,0.2,0.05,fast_cp,39,21,210,61,2,0.9180327868852459,1.7377049180327868,0.26229508196721313,0.6875,0.0,0.7377049180327869,0.2241978483937897
Lightning2,2,drift,0.2,0.05,fast_cp_mixed,39,21,210,61,2,0.9180327868852459,1.7377049180327868,0.26229508196721313,0.6875,0.0,0.7377049180327869,0.2241978483937897
Lightning2,2,drift,0.4,0.05,clean_split_cp,39,21,210,61,2,0.9344262295081968,1.7704918032786885,0.22950819672131148,0.7142857142857143,0.0,0.6557377049180327,0.2496467973825045
Lightning2,2,drift,0.4,0.05,aug_split_cp,39,21,210,61,2,0.9508196721311475,1.8360655737704918,0.16393442622950818,0.7,0.0,0.6557377049180327,0.2496467973825045
Lightning2,2,drift,0.4,0.05,label_smooth_aug_cp,39,21,210,61,2,0.9508196721311475,1.8360655737704918,0.16393442622950818,0.7,0.0,0.6557377049180327,0.2496467973825045
Lightning2,2,drift,0.4,0.05,confidence_weighted_cp,39,21,210,61,2,0.9672131147540983,1.8524590163934427,0.14754098360655737,0.7777777777777778,0.0,0.6557377049180327,0.2496467973825045
Lightning2,2,drift,0.4,0.05,fast_cp,39,21,210,61,2,0.9344262295081968,1.8032786885245902,0.19672131147540983,0.6666666666666666,0.0,0.6557377049180327,0.2496467973825045
Lightning2,2,drift,0.4,0.05,fast_cp_mixed,39,21,210,61,2,0.9508196721311475,1.819672131147541,0.18032786885245902,0.7272727272727273,0.0,0.6557377049180327,0.2496467973825045
Lightning7,0,gap,0.05,0.05,clean_split_cp,45,25,250,73,7,0.9452054794520548,3.0547945205479454,0.1780821917808219,0.8461538461538461,0.0,0.6986301369863014,0.2055891905367514
Lightning7,0,gap,0.05,0.05,aug_split_cp,45,25,250,73,7,1.0,4.315068493150685,0.0136986301369863,1.0,0.0,0.6986301369863014,0.2055891905367514
Lightning7,0,gap,0.05,0.05,label_smooth_aug_cp,45,25,250,73,7,1.0,4.315068493150685,0.0136986301369863,1.0,0.0,0.6986301369863014,0.2055891905367514
Lightning7,0,gap,0.05,0.05,confidence_weighted_cp,45,25,250,73,7,0.9863013698630136,3.9178082191780823,0.0136986301369863,1.0,0.0,0.6986301369863014,0.2055891905367514
Lightning7,0,gap,0.05,0.05,fast_cp,45,25,250,73,7,1.0,4.260273972602739,0.0273972602739726,1.0,0.0,0.6986301369863014,0.2055891905367514
Lightning7,0,gap,0.05,0.05,fast_cp_mixed,45,25,250,73,7,1.0,4.273972602739726,0.0136986301369863,1.0,0.0,0.6986301369863014,0.2055891905367514
Lightning7,0,gap,0.1,0.05,clean_split_cp,45,25,250,73,7,0.958904109589041,3.0547945205479454,0.1232876712328767,0.8888888888888888,0.0,0.6712328767123288,0.19093281090457834
Lightning7,0,gap,0.1,0.05,aug_split_cp,45,25,250,73,7,0.9726027397260274,4.164383561643835,0.0410958904109589,1.0,0.0,0.6712328767123288,0.19093281090457834
Lightning7,0,gap,0.1,0.05,label_smooth_aug_cp,45,25,250,73,7,0.9726027397260274,4.164383561643835,0.0410958904109589,1.0,0.0,0.6712328767123288,0.19093281090457834
Lightning7,0,gap,0.1,0.05,confidence_weighted_cp,45,25,250,73,7,0.9726027397260274,3.958904109589041,0.0410958904109589,1.0,0.0,0.6712328767123288,0.19093281090457834
Lightning7,0,gap,0.1,0.05,fast_cp,45,25,250,73,7,0.958904109589041,4.082191780821918,0.0684931506849315,0.8,0.0,0.6712328767123288,0.19093281090457834
Lightning7,0,gap,0.1,0.05,fast_cp_mixed,45,25,250,73,7,0.958904109589041,4.109589041095891,0.0684931506849315,0.8,0.0,0.6712328767123288,0.19093281090457834
Lightning7,0,gap,0.2,0.05,clean_split_cp,45,25,250,73,7,0.9315068493150684,2.9452054794520546,0.1232876712328767,0.8888888888888888,0.0,0.6164383561643836,0.22753611856350367
Lightning7,0,gap,0.2,0.05,aug_split_cp,45,25,250,73,7,0.958904109589041,3.712328767123288,0.0821917808219178,0.8333333333333334,0.0,0.6164383561643836,0.22753611856350367
Lightning7,0,gap,0.2,0.05,label_smooth_aug_cp,45,25,250,73,7,0.958904109589041,3.712328767123288,0.0821917808219178,0.8333333333333334,0.0,0.6164383561643836,0.22753611856350367
Lightning7,0,gap,0.2,0.05,confidence_weighted_cp,45,25,250,73,7,0.9452054794520548,3.4794520547945207,0.0821917808219178,0.8333333333333334,0.0,0.6164383561643836,0.22753611856350367
Lightning7,0,gap,0.2,0.05,fast_cp,45,25,250,73,7,0.958904109589041,3.671232876712329,0.0821917808219178,0.8333333333333334,0.0,0.6164383561643836,0.22753611856350367
Lightning7,0,gap,0.2,0.05,fast_cp_mixed,45,25,250,73,7,0.958904109589041,3.6986301369863015,0.0821917808219178,0.8333333333333334,0.0,0.6164383561643836,0.22753611856350367
Lightning7,0,noise,0.05,0.05,clean_split_cp,45,25,250,73,7,0.958904109589041,2.684931506849315,0.1780821917808219,0.8461538461538461,0.0,0.7397260273972602,0.17670169013626313
Lightning7,0,noise,0.05,0.05,aug_split_cp,45,25,250,73,7,0.9726027397260274,3.8219178082191783,0.0410958904109589,1.0,0.0,0.7397260273972602,0.17670169013626313
Lightning7,0,noise,0.05,0.05,label_smooth_aug_cp,45,25,250,73,7,0.9726027397260274,3.8219178082191783,0.0410958904109589,1.0,0.0,0.7397260273972602,0.17670169013626313
Lightning7,0,noise,0.05,0.05,confidence_weighted_cp,45,25,250,73,7,0.9726027397260274,3.7534246575342465,0.0273972602739726,1.0,0.0,0.7397260273972602,0.17670169013626313
Lightning7,0,noise,0.05,0.05,fast_cp,45,25,250,73,7,0.9726027397260274,3.7945205479452055,0.0410958904109589,1.0,0.0,0.7397260273972602,0.17670169013626313
Lightning7,0,noise,0.05,0.05,fast_cp_mixed,45,25,250,73,7,0.9726027397260274,3.808219178082192,0.0410958904109589,1.0,0.0,0.7397260273972602,0.17670169013626313
Lightning7,0,noise,0.1,0.05,clean_split_cp,45,25,250,73,7,0.958904109589041,2.712328767123288,0.1917808219178082,0.8571428571428571,0.0,0.7397260273972602,0.17530947419852894
Lightning7,0,noise,0.1,0.05,aug_split_cp,45,25,250,73,7,0.9726027397260274,3.808219178082192,0.0547945205479452,1.0,0.0,0.7397260273972602,0.17530947419852894
Lightning7,0,noise,0.1,0.05,label_smooth_aug_cp,45,25,250,73,7,0.9726027397260274,3.808219178082192,0.0547945205479452,1.0,0.0,0.7397260273972602,0.17530947419852894
Lightning7,0,noise,0.1,0.05,confidence_weighted_cp,45,25,250,73,7,0.9726027397260274,3.73972602739726,0.0547945205479452,1.0,0.0,0.7397260273972602,0.17530947419852894
Lightning7,0,noise,0.1,0.05,fast_cp,45,25,250,73,7,0.9726027397260274,3.7945205479452055,0.0547945205479452,1.0,0.0,0.7397260273972602,0.17530947419852894
Lightning7,0,noise,0.1,0.05,fast_cp_mixed,45,25,250,73,7,0.9726027397260274,3.7945205479452055,0.0547945205479452,1.0,0.0,0.7397260273972602,0.17530947419852894
Lightning7,0,noise,0.2,0.05,clean_split_cp,45,25,250,73,7,0.9452054794520548,2.8904109589041096,0.1095890410958904,0.75,0.0,0.6986301369863014,0.1839188086460981
Lightning7,0,noise,0.2,0.05,aug_split_cp,45,25,250,73,7,0.9726027397260274,3.9863013698630136,0.0136986301369863,1.0,0.0,0.6986301369863014,0.1839188086460981
Lightning7,0,noise,0.2,0.05,label_smooth_aug_cp,45,25,250,73,7,0.9726027397260274,3.9863013698630136,0.0136986301369863,1.0,0.0,0.6986301369863014,0.1839188086460981
Lightning7,0,noise,0.2,0.05,confidence_weighted_cp,45,25,250,73,7,0.9726027397260274,3.9452054794520546,0.0136986301369863,1.0,0.0,0.6986301369863014,0.1839188086460981
Lightning7,0,noise,0.2,0.05,fast_cp,45,25,250,73,7,0.9726027397260274,3.9726027397260273,0.0273972602739726,1.0,0.0,0.6986301369863014,0.1839188086460981
Lightning7,0,noise,0.2,0.05,fast_cp_mixed,45,25,250,73,7,0.9726027397260274,3.9726027397260273,0.0273972602739726,1.0,0.0,0.6986301369863014,0.1839188086460981
Lightning7,0,drift,0.1,0.05,clean_split_cp,45,25,250,73,7,0.9452054794520548,2.712328767123288,0.136986301369863,0.8,0.0,0.7397260273972602,0.16078733687899122
Lightning7,0,drift,0.1,0.05,aug_split_cp,45,25,250,73,7,0.9726027397260274,3.7260273972602738,0.0410958904109589,1.0,0.0,0.7397260273972602,0.16078733687899122
Lightning7,0,drift,0.1,0.05,label_smooth_aug_cp,45,25,250,73,7,0.9726027397260274,3.7260273972602738,0.0410958904109589,1.0,0.0,0.7397260273972602,0.16078733687899122
Lightning7,0,drift,0.1,0.05,confidence_weighted_cp,45,25,250,73,7,0.9726027397260274,3.643835616438356,0.0410958904109589,1.0,0.0,0.7397260273972602,0.16078733687899122
Lightning7,0,drift,0.1,0.05,fast_cp,45,25,250,73,7,0.9726027397260274,3.6986301369863015,0.0547945205479452,1.0,0.0,0.7397260273972602,0.16078733687899122
Lightning7,0,drift,0.1,0.05,fast_cp_mixed,45,25,250,73,7,0.9726027397260274,3.712328767123288,0.0410958904109589,1.0,0.0,0.7397260273972602,0.16078733687899122
Lightning7,0,drift,0.2,0.05,clean_split_cp,45,25,250,73,7,0.9178082191780822,2.73972602739726,0.1506849315068493,0.9090909090909091,0.0,0.726027397260274,0.19773900328939192
Lightning7,0,drift,0.2,0.05,aug_split_cp,45,25,250,73,7,0.9726027397260274,3.835616438356164,0.0684931506849315,1.0,0.0,0.726027397260274,0.19773900328939192
Lightning7,0,drift,0.2,0.05,label_smooth_aug_cp,45,25,250,73,7,0.9726027397260274,3.835616438356164,0.0684931506849315,1.0,0.0,0.726027397260274,0.19773900328939192
Lightning7,0,drift,0.2,0.05,confidence_weighted_cp,45,25,250,73,7,0.9726027397260274,3.73972602739726,0.0547945205479452,1.0,0.0,0.726027397260274,0.19773900328939192
Lightning7,0,drift,0.2,0.05,fast_cp,45,25,250,73,7,0.958904109589041,3.8219178082191783,0.0821917808219178,0.8333333333333334,0.0,0.726027397260274,0.19773900328939192
Lightning7,0,drift,0.2,0.05,fast_cp_mixed,45,25,250,73,7,0.9726027397260274,3.8493150684931505,0.0547945205479452,1.0,0.0,0.726027397260274,0.19773900328939192
Lightning7,0,drift,0.4,0.05,clean_split_cp,45,25,250,73,7,0.9178082191780822,2.767123287671233,0.1643835616438356,0.9166666666666666,0.0,0.7123287671232876,0.1609071233694841
Lightning7,0,drift,0.4,0.05,aug_split_cp,45,25,250,73,7,0.9863013698630136,3.5753424657534247,0.0821917808219178,1.0,0.0,0.7123287671232876,0.1609071233694841
Lightning7,0,drift,0.4,0.05,label_smooth_aug_cp,45,25,250,73,7,0.9863013698630136,3.5753424657534247,0.0821917808219178,1.0,0.0,0.7123287671232876,0.1609071233694841
Lightning7,0,drift,0.4,0.05,confidence_weighted_cp,45,25,250,73,7,0.9726027397260274,3.506849315068493,0.0821917808219178,1.0,0.0,0.7123287671232876,0.1609071233694841
Lightning7,0,drift,0.4,0.05,fast_cp,45,25,250,73,7,0.958904109589041,3.547945205479452,0.0958904109589041,0.8571428571428571,0.0,0.7123287671232876,0.1609071233694841
Lightning7,0,drift,0.4,0.05,fast_cp_mixed,45,25,250,73,7,0.9726027397260274,3.5616438356164384,0.0821917808219178,1.0,0.0,0.7123287671232876,0.1609071233694841
Lightning7,1,gap,0.05,0.05,clean_split_cp,45,25,250,73,7,0.9452054794520548,2.6986301369863015,0.1780821917808219,0.8461538461538461,0.0,0.6986301369863014,0.19601810178344903
Lightning7,1,gap,0.05,0.05,aug_split_cp,45,25,250,73,7,0.9315068493150684,2.589041095890411,0.2054794520547945,0.8,0.0,0.6986301369863014,0.19601810178344903
Lightning7,1,gap,0.05,0.05,label_smooth_aug_cp,45,25,250,73,7,0.9315068493150684,2.589041095890411,0.2054794520547945,0.8,0.0,0.6986301369863014,0.19601810178344903
Lightning7,1,gap,0.05,0.05,confidence_weighted_cp,45,25,250,73,7,0.9315068493150684,2.506849315068493,0.2191780821917808,0.8125,0.0,0.6986301369863014,0.19601810178344903
Lightning7,1,gap,0.05,0.05,fast_cp,45,25,250,73,7,0.9315068493150684,2.506849315068493,0.2191780821917808,0.8125,0.0,0.6986301369863014,0.19601810178344903
Lightning7,1,gap,0.05,0.05,fast_cp_mixed,45,25,250,73,7,0.9315068493150684,2.506849315068493,0.2191780821917808,0.8125,0.0,0.6986301369863014,0.19601810178344903
Lightning7,1,gap,0.1,0.05,clean_split_cp,45,25,250,73,7,0.9315068493150684,2.7260273972602738,0.1643835616438356,0.75,0.0,0.7397260273972602,0.21324966938496898
Lightning7,1,gap,0.1,0.05,aug_split_cp,45,25,250,73,7,0.9315068493150684,2.5753424657534247,0.2328767123287671,0.8235294117647058,0.0,0.7397260273972602,0.21324966938496898
Lightning7,1,gap,0.1,0.05,label_smooth_aug_cp,45,25,250,73,7,0.9315068493150684,2.5753424657534247,0.2328767123287671,0.8235294117647058,0.0,0.7397260273972602,0.21324966938496898
Lightning7,1,gap,0.1,0.05,confidence_weighted_cp,45,25,250,73,7,0.9315068493150684,2.547945205479452,0.2328767123287671,0.8235294117647058,0.0,0.7397260273972602,0.21324966938496898
Lightning7,1,gap,0.1,0.05,fast_cp,45,25,250,73,7,0.9315068493150684,2.5616438356164384,0.2328767123287671,0.8235294117647058,0.0,0.7397260273972602,0.21324966938496898
Lightning7,1,gap,0.1,0.05,fast_cp_mixed,45,25,250,73,7,0.9315068493150684,2.5616438356164384,0.2328767123287671,0.8235294117647058,0.0,0.7397260273972602,0.21324966938496898
Lightning7,1,gap,0.2,0.05,clean_split_cp,45,25,250,73,7,0.9041095890410958,3.0273972602739727,0.1506849315068493,0.9090909090909091,0.0,0.547945205479452,0.2799035759430712
Lightning7,1,gap,0.2,0.05,aug_split_cp,45,25,250,73,7,0.9041095890410958,2.9178082191780823,0.1780821917808219,0.9230769230769231,0.0,0.547945205479452,0.2799035759430712
Lightning7,1,gap,0.2,0.05,label_smooth_aug_cp,45,25,250,73,7,0.9041095890410958,2.9178082191780823,0.1780821917808219,0.9230769230769231,0.0,0.547945205479452,0.2799035759430712
Lightning7,1,gap,0.2,0.05,confidence_weighted_cp,45,25,250,73,7,0.9041095890410958,2.835616438356164,0.2054794520547945,0.9333333333333333,0.0,0.547945205479452,0.2799035759430712
Lightning7,1,gap,0.2,0.05,fast_cp,45,25,250,73,7,0.9041095890410958,3.0684931506849313,0.1643835616438356,0.9166666666666666,0.0,0.547945205479452,0.2799035759430712
Lightning7,1,gap,0.2,0.05,fast_cp_mixed,45,25,250,73,7,0.9041095890410958,3.0,0.1780821917808219,0.9230769230769231,0.0,0.547945205479452,0.2799035759430712
Lightning7,1,noise,0.05,0.05,clean_split_cp,45,25,250,73,7,0.958904109589041,2.8219178082191783,0.2191780821917808,0.875,0.0,0.7123287671232876,0.17835087116570683
Lightning7,1,noise,0.05,0.05,aug_split_cp,45,25,250,73,7,0.958904109589041,2.5616438356164384,0.273972602739726,0.85,0.0,0.7123287671232876,0.17835087116570683
Lightning7,1,noise,0.05,0.05,label_smooth_aug_cp,45,25,250,73,7,0.958904109589041,2.5616438356164384,0.273972602739726,0.85,0.0,0.7123287671232876,0.17835087116570683
Lightning7,1,noise,0.05,0.05,confidence_weighted_cp,45,25,250,73,7,0.9452054794520548,2.4794520547945207,0.3013698630136986,0.8181818181818182,0.0,0.7123287671232876,0.17835087116570683
Lightning7,1,noise,0.05,0.05,fast_cp,45,25,250,73,7,0.9178082191780822,2.4794520547945207,0.3013698630136986,0.8181818181818182,0.0,0.7123287671232876,0.17835087116570683
Lightning7,1,noise,0.05,0.05,fast_cp_mixed,45,25,250,73,7,0.9452054794520548,2.5342465753424657,0.3013698630136986,0.8181818181818182,0.0,0.7123287671232876,0.17835087116570683
Lightning7,1,noise,0.1,0.05,clean_split_cp,45,25,250,73,7,0.958904109589041,2.8219178082191783,0.2328767123287671,0.8823529411764706,0.0,0.6986301369863014,0.19547212505981607
Lightning7,1,noise,0.1,0.05,aug_split_cp,45,25,250,73,7,0.9315068493150684,2.6575342465753424,0.2465753424657534,0.8333333333333334,0.0,0.6986301369863014,0.19547212505981607
Lightning7,1,noise,0.1,0.05,label_smooth_aug_cp,45,25,250,73,7,0.9315068493150684,2.6575342465753424,0.2465753424657534,0.8333333333333334,0.0,0.6986301369863014,0.19547212505981607
Lightning7,1,noise,0.1,0.05,confidence_weighted_cp,45,25,250,73,7,0.9315068493150684,2.6164383561643834,0.2602739726027397,0.8421052631578947,0.0,0.6986301369863014,0.19547212505981607
Lightning7,1,noise,0.1,0.05,fast_cp,45,25,250,73,7,0.9315068493150684,2.547945205479452,0.273972602739726,0.8,0.0,0.6986301369863014,0.19547212505981607
Lightning7,1,noise,0.1,0.05,fast_cp_mixed,45,25,250,73,7,0.9315068493150684,2.5753424657534247,0.2602739726027397,0.8421052631578947,0.0,0.6986301369863014,0.19547212505981607
Lightning7,1,noise,0.2,0.05,clean_split_cp,45,25,250,73,7,0.958904109589041,2.9863013698630136,0.2054794520547945,0.8666666666666667,0.0,0.7397260273972602,0.18619723890849077
Lightning7,1,noise,0.2,0.05,aug_split_cp,45,25,250,73,7,0.9452054794520548,2.8493150684931505,0.2328767123287671,0.8823529411764706,0.0,0.7397260273972602,0.18619723890849077
Lightning7,1,noise,0.2,0.05,label_smooth_aug_cp,45,25,250,73,7,0.9452054794520548,2.8493150684931505,0.2328767123287671,0.8823529411764706,0.0,0.7397260273972602,0.18619723890849077
Lightning7,1,noise,0.2,0.05,confidence_weighted_cp,45,25,250,73,7,0.9315068493150684,2.767123287671233,0.2876712328767123,0.8095238095238095,0.0,0.7397260273972602,0.18619723890849077
Lightning7,1,noise,0.2,0.05,fast_cp,45,25,250,73,7,0.9315068493150684,2.6986301369863015,0.2876712328767123,0.8095238095238095,0.0,0.7397260273972602,0.18619723890849077
Lightning7,1,noise,0.2,0.05,fast_cp_mixed,45,25,250,73,7,0.9315068493150684,2.7534246575342465,0.273972602739726,0.85,0.0,0.7397260273972602,0.18619723890849077
Lightning7,1,drift,0.1,0.05,clean_split_cp,45,25,250,73,7,0.9726027397260274,2.8904109589041096,0.1917808219178082,0.9285714285714286,0.0,0.6712328767123288,0.20481476768624313
Lightning7,1,drift,0.1,0.05,aug_split_cp,45,25,250,73,7,0.9726027397260274,2.7534246575342465,0.2054794520547945,0.9333333333333333,0.0,0.6712328767123288,0.20481476768624313
Lightning7,1,drift,0.1,0.05,label_smooth_aug_cp,45,25,250,73,7,0.9726027397260274,2.7534246575342465,0.2054794520547945,0.9333333333333333,0.0,0.6712328767123288,0.20481476768624313
Lightning7,1,drift,0.1,0.05,confidence_weighted_cp,45,25,250,73,7,0.9315068493150684,2.6301369863013697,0.2328767123287671,0.8823529411764706,0.0,0.6712328767123288,0.20481476768624313
Lightning7,1,drift,0.1,0.05,fast_cp,45,25,250,73,7,0.9315068493150684,2.6301369863013697,0.2328767123287671,0.8823529411764706,0.0,0.6712328767123288,0.20481476768624313
Lightning7,1,drift,0.1,0.05,fast_cp_mixed,45,25,250,73,7,0.9315068493150684,2.684931506849315,0.2054794520547945,0.9333333333333333,0.0,0.6712328767123288,0.20481476768624313
Lightning7,1,drift,0.2,0.05,clean_split_cp,45,25,250,73,7,0.958904109589041,2.835616438356164,0.2191780821917808,0.875,0.0,0.6712328767123288,0.21511713074687094
Lightning7,1,drift,0.2,0.05,aug_split_cp,45,25,250,73,7,0.9452054794520548,2.7260273972602738,0.2328767123287671,0.8823529411764706,0.0,0.6712328767123288,0.21511713074687094
Lightning7,1,drift,0.2,0.05,label_smooth_aug_cp,45,25,250,73,7,0.9452054794520548,2.7260273972602738,0.2328767123287671,0.8823529411764706,0.0,0.6712328767123288,0.21511713074687094
Lightning7,1,drift,0.2,0.05,confidence_weighted_cp,45,25,250,73,7,0.9315068493150684,2.6575342465753424,0.2602739726027397,0.8421052631578947,0.0,0.6712328767123288,0.21511713074687094
Lightning7,1,drift,0.2,0.05,fast_cp,45,25,250,73,7,0.9315068493150684,2.6164383561643834,0.2465753424657534,0.8888888888888888,0.0,0.6712328767123288,0.21511713074687094
Lightning7,1,drift,0.2,0.05,fast_cp_mixed,45,25,250,73,7,0.9452054794520548,2.6986301369863015,0.2328767123287671,0.8823529411764706,0.0,0.6712328767123288,0.21511713074687094
Lightning7,1,drift,0.4,0.05,clean_split_cp,45,25,250,73,7,0.958904109589041,2.808219178082192,0.2054794520547945,0.9333333333333333,0.0,0.6438356164383562,0.24450051287825286
Lightning7,1,drift,0.4,0.05,aug_split_cp,45,25,250,73,7,0.958904109589041,2.684931506849315,0.2465753424657534,0.9444444444444444,0.0,0.6438356164383562,0.24450051287825286
Lightning7,1,drift,0.4,0.05,label_smooth_aug_cp,45,25,250,73,7,0.958904109589041,2.684931506849315,0.2465753424657534,0.9444444444444444,0.0,0.6438356164383562,0.24450051287825286
Lightning7,1,drift,0.4,0.05,confidence_weighted_cp,45,25,250,73,7,0.958904109589041,2.684931506849315,0.2465753424657534,0.9444444444444444,0.0,0.6438356164383562,0.24450051287825286
Lightning7,1,drift,0.4,0.05,fast_cp,45,25,250,73,7,0.9452054794520548,2.6164383561643834,0.2465753424657534,0.9444444444444444,0.0,0.6438356164383562,0.24450051287825286
Lightning7,1,drift,0.4,0.05,fast_cp_mixed,45,25,250,73,7,0.958904109589041,2.643835616438356,0.2465753424657534,0.9444444444444444,0.0,0.6438356164383562,0.24450051287825286
Lightning7,2,gap,0.05,0.05,clean_split_cp,45,25,250,73,7,0.9315068493150684,2.287671232876712,0.3013698630136986,0.8181818181818182,0.0,0.8082191780821918,0.12841317585136147
Lightning7,2,gap,0.05,0.05,aug_split_cp,45,25,250,73,7,0.9315068493150684,2.0,0.3561643835616438,0.8461538461538461,0.0,0.8082191780821918,0.12841317585136147
Lightning7,2,gap,0.05,0.05,label_smooth_aug_cp,45,25,250,73,7,0.9315068493150684,2.0,0.3561643835616438,0.8461538461538461,0.0,0.8082191780821918,0.12841317585136147
Lightning7,2,gap,0.05,0.05,confidence_weighted_cp,45,25,250,73,7,0.9315068493150684,1.904109589041096,0.3561643835616438,0.8461538461538461,0.0,0.8082191780821918,0.12841317585136147
Lightning7,2,gap,0.05,0.05,fast_cp,45,25,250,73,7,0.9315068493150684,1.904109589041096,0.3698630136986301,0.8518518518518519,0.0,0.8082191780821918,0.12841317585136147
Lightning7,2,gap,0.05,0.05,fast_cp_mixed,45,25,250,73,7,0.9315068493150684,1.917808219178082,0.3698630136986301,0.8518518518518519,0.0,0.8082191780821918,0.12841317585136147
Lightning7,2,gap,0.1,0.05,clean_split_cp,45,25,250,73,7,0.9178082191780822,2.3972602739726026,0.3424657534246575,0.84,0.0,0.726027397260274,0.14326316336220318
Lightning7,2,gap,0.1,0.05,aug_split_cp,45,25,250,73,7,0.9178082191780822,2.136986301369863,0.410958904109589,0.8666666666666667,0.0,0.726027397260274,0.14326316336220318
Lightning7,2,gap,0.1,0.05,label_smooth_aug_cp,45,25,250,73,7,0.9178082191780822,2.136986301369863,0.410958904109589,0.8666666666666667,0.0,0.726027397260274,0.14326316336220318
Lightning7,2,gap,0.1,0.05,confidence_weighted_cp,45,25,250,73,7,0.9041095890410958,1.9315068493150684,0.410958904109589,0.8666666666666667,0.0,0.726027397260274,0.14326316336220318
Lightning7,2,gap,0.1,0.05,fast_cp,45,25,250,73,7,0.9178082191780822,2.041095890410959,0.4246575342465753,0.8709677419354839,0.0,0.726027397260274,0.14326316336220318
Lightning7,2,gap,0.1,0.05,fast_cp_mixed,45,25,250,73,7,0.9178082191780822,2.0684931506849313,0.4246575342465753,0.8709677419354839,0.0,0.726027397260274,0.14326316336220318
Lightning7,2,gap,0.2,0.05,clean_split_cp,45,25,250,73,7,0.8082191780821918,2.287671232876712,0.273972602739726,0.75,0.0,0.5616438356164384,0.2728419854611767
Lightning7,2,gap,0.2,0.05,aug_split_cp,45,25,250,73,7,0.8082191780821918,2.0821917808219177,0.3013698630136986,0.7272727272727273,0.0,0.5616438356164384,0.2728419854611767
Lightning7,2,gap,0.2,0.05,label_smooth_aug_cp,45,25,250,73,7,0.8082191780821918,2.0821917808219177,0.3013698630136986,0.7272727272727273,0.0,0.5616438356164384,0.2728419854611767
Lightning7,2,gap,0.2,0.05,confidence_weighted_cp,45,25,250,73,7,0.7808219178082192,1.9452054794520548,0.3013698630136986,0.7272727272727273,0.0,0.5616438356164384,0.2728419854611767
Lightning7,2,gap,0.2,0.05,fast_cp,45,25,250,73,7,0.7945205479452054,2.0136986301369864,0.3287671232876712,0.75,0.0,0.5616438356164384,0.2728419854611767
Lightning7,2,gap,0.2,0.05,fast_cp_mixed,45,25,250,73,7,0.7945205479452054,2.041095890410959,0.3013698630136986,0.7272727272727273,0.0,0.5616438356164384,0.2728419854611767
Lightning7,2,noise,0.05,0.05,clean_split_cp,45,25,250,73,7,0.9452054794520548,2.191780821917808,0.3150684931506849,0.8260869565217391,0.0,0.7808219178082192,0.13295060847564155
Lightning7,2,noise,0.05,0.05,aug_split_cp,45,25,250,73,7,0.9315068493150684,2.0,0.3972602739726027,0.8620689655172413,0.0,0.7808219178082192,0.13295060847564155
Lightning7,2,noise,0.05,0.05,label_smooth_aug_cp,45,25,250,73,7,0.9315068493150684,2.0,0.3972602739726027,0.8620689655172413,0.0,0.7808219178082192,0.13295060847564155
Lightning7,2,noise,0.05,0.05,confidence_weighted_cp,45,25,250,73,7,0.9315068493150684,1.9452054794520548,0.3972602739726027,0.8620689655172413,0.0,0.7808219178082192,0.13295060847564155
Lightning7,2,noise,0.05,0.05,fast_cp,45,25,250,73,7,0.9315068493150684,1.9452054794520548,0.410958904109589,0.8666666666666667,0.0,0.7808219178082192,0.13295060847564155
Lightning7,2,noise,0.05,0.05,fast_cp_mixed,45,25,250,73,7,0.9315068493150684,1.9726027397260273,0.3972602739726027,0.8620689655172413,0.0,0.7808219178082192,0.13295060847564155
Lightning7,2,noise,0.1,0.05,clean_split_cp,45,25,250,73,7,0.9315068493150684,2.191780821917808,0.3424657534246575,0.84,0.0,0.8356164383561644,0.17020370353335812
Lightning7,2,noise,0.1,0.05,aug_split_cp,45,25,250,73,7,0.9178082191780822,1.9452054794520548,0.4246575342465753,0.8387096774193549,0.0,0.8356164383561644,0.17020370353335812
Lightning7,2,noise,0.1,0.05,label_smooth_aug_cp,45,25,250,73,7,0.9178082191780822,1.9452054794520548,0.4246575342465753,0.8387096774193549,0.0,0.8356164383561644,0.17020370353335812
Lightning7,2,noise,0.1,0.05,confidence_weighted_cp,45,25,250,73,7,0.9178082191780822,1.821917808219178,0.4246575342465753,0.8387096774193549,0.0,0.8356164383561644,0.17020370353335812
Lightning7,2,noise,0.1,0.05,fast_cp,45,25,250,73,7,0.9178082191780822,1.8904109589041096,0.4246575342465753,0.8387096774193549,0.0,0.8356164383561644,0.17020370353335812
Lightning7,2,noise,0.1,0.05,fast_cp_mixed,45,25,250,73,7,0.9178082191780822,1.9315068493150684,0.4246575342465753,0.8387096774193549,0.0,0.8356164383561644,0.17020370353335812
Lightning7,2,noise,0.2,0.05,clean_split_cp,45,25,250,73,7,0.9315068493150684,2.3698630136986303,0.2602739726027397,0.7894736842105263,0.0,0.7808219178082192,0.09677879191909113
Lightning7,2,noise,0.2,0.05,aug_split_cp,45,25,250,73,7,0.9178082191780822,2.1232876712328768,0.3561643835616438,0.8076923076923077,0.0,0.7808219178082192,0.09677879191909113
Lightning7,2,noise,0.2,0.05,label_smooth_aug_cp,45,25,250,73,7,0.9178082191780822,2.1232876712328768,0.3561643835616438,0.8076923076923077,0.0,0.7808219178082192,0.09677879191909113
Lightning7,2,noise,0.2,0.05,confidence_weighted_cp,45,25,250,73,7,0.9178082191780822,1.9863013698630136,0.3561643835616438,0.8076923076923077,0.0,0.7808219178082192,0.09677879191909113
Lightning7,2,noise,0.2,0.05,fast_cp,45,25,250,73,7,0.9178082191780822,2.0,0.3972602739726027,0.8275862068965517,0.0,0.7808219178082192,0.09677879191909113
Lightning7,2,noise,0.2,0.05,fast_cp_mixed,45,25,250,73,7,0.9178082191780822,2.0547945205479454,0.3698630136986301,0.8148148148148148,0.0,0.7808219178082192,0.09677879191909113
Lightning7,2,drift,0.1,0.05,clean_split_cp,45,25,250,73,7,0.9041095890410958,2.2465753424657535,0.3013698630136986,0.8181818181818182,0.0,0.7808219178082192,0.14049199823468198
Lightning7,2,drift,0.1,0.05,aug_split_cp,45,25,250,73,7,0.9041095890410958,2.1095890410958904,0.3424657534246575,0.84,0.0,0.7808219178082192,0.14049199823468198
Lightning7,2,drift,0.1,0.05,label_smooth_aug_cp,45,25,250,73,7,0.9041095890410958,2.1095890410958904,0.3424657534246575,0.84,0.0,0.7808219178082192,0.14049199823468198
Lightning7,2,drift,0.1,0.05,confidence_weighted_cp,45,25,250,73,7,0.8904109589041096,1.917808219178082,0.3424657534246575,0.84,0.0,0.7808219178082192,0.14049199823468198
Lightning7,2,drift,0.1,0.05,fast_cp,45,25,250,73,7,0.9041095890410958,1.9863013698630136,0.3698630136986301,0.8518518518518519,0.0,0.7808219178082192,0.14049199823468198
Lightning7,2,drift,0.1,0.05,fast_cp_mixed,45,25,250,73,7,0.9041095890410958,2.041095890410959,0.3561643835616438,0.8461538461538461,0.0,0.7808219178082192,0.14049199823468198
Lightning7,2,drift,0.2,0.05,clean_split_cp,45,25,250,73,7,0.9041095890410958,2.26027397260274,0.3150684931506849,0.8260869565217391,0.0,0.7123287671232876,0.1571839430090054
Lightning7,2,drift,0.2,0.05,aug_split_cp,45,25,250,73,7,0.9041095890410958,2.041095890410959,0.3561643835616438,0.8461538461538461,0.0,0.7123287671232876,0.1571839430090054
Lightning7,2,drift,0.2,0.05,label_smooth_aug_cp,45,25,250,73,7,0.9041095890410958,2.041095890410959,0.3561643835616438,0.8461538461538461,0.0,0.7123287671232876,0.1571839430090054
Lightning7,2,drift,0.2,0.05,confidence_weighted_cp,45,25,250,73,7,0.9041095890410958,1.8904109589041096,0.3561643835616438,0.8461538461538461,0.0,0.7123287671232876,0.1571839430090054
Lightning7,2,drift,0.2,0.05,fast_cp,45,25,250,73,7,0.9041095890410958,1.9452054794520548,0.3972602739726027,0.8620689655172413,0.0,0.7123287671232876,0.1571839430090054
Lightning7,2,drift,0.2,0.05,fast_cp_mixed,45,25,250,73,7,0.9041095890410958,1.9589041095890412,0.3835616438356164,0.8571428571428571,0.0,0.7123287671232876,0.1571839430090054
Lightning7,2,drift,0.4,0.05,clean_split_cp,45,25,250,73,7,0.9178082191780822,2.1506849315068495,0.3561643835616438,0.8846153846153846,0.0,0.7534246575342466,0.161333185492656
Lightning7,2,drift,0.4,0.05,aug_split_cp,45,25,250,73,7,0.8904109589041096,1.8356164383561644,0.4246575342465753,0.8709677419354839,0.0,0.7534246575342466,0.161333185492656
Lightning7,2,drift,0.4,0.05,label_smooth_aug_cp,45,25,250,73,7,0.8904109589041096,1.8356164383561644,0.4246575342465753,0.8709677419354839,0.0,0.7534246575342466,0.161333185492656
Lightning7,2,drift,0.4,0.05,confidence_weighted_cp,45,25,250,73,7,0.9041095890410958,1.7671232876712328,0.410958904109589,0.9,0.0,0.7534246575342466,0.161333185492656
Lightning7,2,drift,0.4,0.05,fast_cp,45,25,250,73,7,0.8904109589041096,1.7671232876712328,0.4657534246575342,0.8823529411764706,0.0,0.7534246575342466,0.161333185492656
Lightning7,2,drift,0.4,0.05,fast_cp_mixed,45,25,250,73,7,0.8904109589041096,1.7945205479452055,0.4520547945205479,0.8787878787878788,0.0,0.7534246575342466,0.161333185492656
